n,descrizione_clean
1,Detrazione su interessi passivi e oneri accessori relativi a prestiti e mutui agrari
2,Reddito dominicale pari a zero in caso di perdita del prodotto almeno per il 30% in conseguenza di eventi naturali
3,Reddito agrario pari a zero nelle ipotesi di cui all'art. 31
4,"Impiego dei prodotti energetici nei lavori agricoli e assimilati (orticoltura, allevamento, silvicoltura, apicoltura, piscicoltura e florovivaistica) - Applicazione di un'aliquota pari al 22 % di quella normale per il gasolio e al 49 % di quella normale per la benzina (uso carburanti). Esenzione per gli oli vegetali non modificati chimicamente"
5,Esenzione dall'accisa sui carburanti per il prosciugamento e la sistemazione dei terreni allagati nelle zone colpite da alluvione
6,Esenzione dall'accisa sui carburanti per il sollevamento delle acque allo scopo di agevolare la coltivazione dei fondi rustici sui terreni bonificati
7,Regime speciale IVA per i produttori agricoli
8,"Misure in tema di imposte di registro, ipotecarie e catastali sui trasferimenti immobiliari in agricoltura (piccola proprietà contadina)."
9,Attività agricole connesse
10,Non assoggettamento ad IVA delle cessioni di terreni non edificabili
11,innalzamento delle percentuali di compensazione di detrazione dell'IVA applicabili a taluni prodotti dei settori lattiero-caseario ed agli animali vivi bovini e suini
12,Determinazione forfetaria del reddito imponibile e dell'Iva per le associazioni sindacali e di categoria operanti nel settore agricolo relativamente alle attività di assistenza rese agli associati
13,"Possibilità per le società di persone e le società a responsabilità limitata, costituite da imprenditori agricoli, che esercitano esclusivamente le attività dirette alla manipolazione, conservazione, trasformazione, commercializzazione e valorizzazione di prodotti agricoli ceduti dai soci, di determinare il reddito applicando all'ammontare dei ricavi il coefficiente di redditività del 25 per cento."
14,"Possibilità per le società di persone, le società a responsabilità limitata e le società cooperative che rivestono la qualifica di società agricola ai sensi dell'articolo 2 del decreto legislativo 29 marzo 2004, n. 93 di optare per la determinazione catastale del reddito, ex aticolo 32 del Tuir."
15,"Modifiche in favore del settore agricolo: - modifica dei criteri per l'individuazione delle attività agricole ""connesse"" comunque produttive di reddito agrario di cui all'art. 32, comma 1, lettera c) del Tuir. Rinvio alle attività di cui al terzo comma dell'art. 2135 del c.c. e previsione di un decreto del Ministro dell'economia e delle finanze per l'individuazione dei beni che possono essere oggetto delle attività agricole ""connesse""; - nuovo articolo 56-bis del Tuir modalità, opzionale, di determinazione del reddito delle ""altre attività agricole""; - articolo 71 del Tuir applicazione dei coefficienti di redditività di cui all'articolo 56- bis del Tuir per la determinazione dei redditi derivanti dalle attività commerciali non esercitate abitualmente dai soggetti che svolgono le attività di cui all'articolo 32 del Tuir eccedenti i limiti di cui al comma 2, lettera c)."
16,Regime speciale IVA per i produttori agricoli in regime di esonero
17,Assoggettamento ad IVA dei conferimenti alle cooperative dei prodotti agricoli dei soci differito al momento del pagamento del prezzo
18,"Locazione di fondi rustici (aliquota dello 0,5%)"
19,"Per favorire la continuità della impresa agricola gli atti relativi ai beni costituenti l'azienda, ivi compresi i fabbricati, le pertinenze, le scorte vive e morte oggetto di successione o di donazione tra ascendenti o discendenti entro il terzo grado sono esenti dall'imposta sulle successioni e donazioni, dalle imposte catastali, di bollo ( e dall'INVIM) e soggetti alle sole imposte ipotecarie in misura fissa . Quanto precede a condizione che i soggetti interessati siano coltivatori diretti che non hanno compiuto i quaranta anni e che acquisiscano la qualifica di coltivatore diretto o di imprenditore agricolo."
20,Misure in materia di annotazioni ipotecarie relative ad operazioni di credito fondiario
21,Imposta di registro ed ipotecaria in misura fissa sui trasferimento a titolo oneroso di terreni agricoli
22,"Contratti di assicurazione a favore di soci di consorzi, associazioni e cooperative agricole di cui alla legge 364 sel 1970. ( nota. La legge è stata abrogata dall'articolo 16 del Dlgs 29 marzo 2004, n. 102 , salvo quanto previsto dall'articolo 21 , comma 6 della stesa legge)"
23,"Riduzione dell'accisa sul gas naturale impiegato negli usi di cantiere, nei motori fissi e nelle operazioni di campo per la coltivazione di idrocarburi"
24,Riduzione dell'accisa sui prodotti energetici impiegati per la produzione di energia elettrica con impianti obbligati alla denuncia (per gli oli vegetali non modificati chimicamente è prevista l'esenzione da accisa)
25,Esenzione dall'accisa sull'energia elettrica prodotta da impianti di gasificazione
26,Esenzione dall'accisa sui prodotti energetici impiegati per la produzione di magnesio da acqua di mare
27,Riduzione dell'accisa sul GPL utilizzato negli impianti centralizzati per usi industriali
28,Riduzione dell'accisa sul GPL impiegato come carburante per gli autobus urbani ed extraurbani adibiti al servizio pubblico
29,Riduzione dell'accisa su combustibili (gasolio e gas naturale) e carburanti (benzina e gasolio) impiegati dalle Forze armate nazionali
30,Esenzione dell'accisa su combustibili ( GPL) e carburanti (GPL e gas naturale) impiegati dalle Forze armate nazionali
31,"Esenzione dall'accisa sui tabacchi denaturati e usati a fini industriali od orticoli, distrutti sotto sorveglianza amministrativa, destinati esclusivamente a prove scientifiche ed a prove relative alla qualità dei prodotti, riutilizzati dal produttore."
32,Riduzione dell'accisa sulle emulsioni di gasolio o olio combustibile in acqua impiegate come carburanti o combustibili
33,Non sottoposizione ad accisa delle miscele gassose di origine biologica destinate agli usi propri del soggetto che le produce
34,"Esenzione dall'accisa per l'alcool e le bevande alcoliche impiegati come campioni per analisi, per prove di produzione necessarie o a fini scientifici"
35,Esenzione dall'accisa per l'alcool e le bevande alcoliche utilizzati nella fabbricazione di un componente non soggetto ad accisa
36,Determinazione forfettaria dell’accisa sull’alcool etilico prodotto da piccoli alambicchi
37,"Non sottoposizione ad accisa per l'energia elettrica impiegata negli aeromobili, nelle navi, negli autoveicoli, purchè prodotta a bordo con mezzi propri, esclusi gli accumulatori, nonché quella prodotta da gruppi elettrogeni mobili in dotazione alle forze armate dello Stato ed ai corpi ad esse assimilati"
38,Non sottoposizione ad accisa per l'energia elettrica prodotta con gruppi elettrogeni azionati da gas metano biologico
39,"Non sottoposizione ad accisa per l'energia elettrica prodotta da piccoli impianti generatori comunque azionati, purchè la loro potenza disponibile non sia superiore a 1 kW, nonché prodotta da officine elettriche costituite da gruppi elettrogeni di soccorso aventi potenza disponibile complessiva non superiore a 200 kW"
40,Esenzione dall'accisa sull'energia elettrica prodotta con fonti rinnovabili in impianti con potenza superiore a 20 kW per autoconsumo
41,"Esclusione, dal campo di applicazione dell’accisa, dell’energia elettrica prodotta con impianti azionati da fonti rinnovabili, aventi potenza non superiore a 20 kW"
42,Credito d’imposta sulle reti di teleriscaldamento alimentato con biomassa ed energia geotermica
43,Esenzione dall'accisa sull'energia elettrica impiegata nelle ferrovie
44,Energia elettrica impiegata nell'esercizio delle linee di trasporto urbano ed interurbano - Esenzione dall'accisa
45,Esenzione dall'accisa sull'energia elettrica impiegata nelle abitazioni di residenza con potenza fino a 3 kW fino a 150 kwh di consumo mensile
46,"Pagamento dell'accisa con un canone forfetario per le forniture di energia elettrica ""a cottimo"" (piccole forniture)"
47,Pagamento dell'accisa sull'energia elettrica con canone annuo di abbonamento (per l’energia elettrica ottenuta da officine non fornite di misuratori)
48,"Pagamento dell'accisa sull'energia elettrica con canone annuo di abbonamento (energia elettrica ottenuta da impianti di produzione combinata di energia elettrica e calore, con potenza disponibile non superiore a 100 kW non forniti di misuratori)"
49,"Esenzione dall'imposta di consumo per gli oli lubrificanti impiegati nella produzione e nella lavorazione della gomma naturale e sintetica per la fabbricazione dei relativi manufatti, nella produzione delle materie plastiche e delle resine artificiali o sintetiche, comprese le colle adesive, nella produzione degli antiparassitari per le piante da frutta"
50,Riduzione dell'accisa sul gas naturale impiegato per usi industriali da soggetti che registrano consumi superiori a 1.200.000 mc annui -
51,Riduzione dell'accisa sui prodotti energetici impiegati in macchinari per il trasbordo merci in porti logistici
52,"Il soggetto beneficiario di una operazione straordinaria può assoggettare, in tutto o in parte, i maggiori valori attribuiti in bilancio all’avviamento, ai marchi di impresa e alle altre attività immateriali, a imposta sostitutiva di cui al comma 2-ter dell’art. 176, con l’aliquota del 16%. E', inoltre, possibile riallineare i valori relativi ad attività diverse dalle immobilizzazioni materiali e immateriali (attivo circolante e immobilizzazioni finanziarie), assoggettando i maggiori valori a tassazione con aliquota ordinaria, separatamente dall’imponibile complessivo. I maggiori valori assoggettati ad imposta sostitutiva si considerano riconosciuti fiscalmente a partire dall’inizio del periodo d’imposta nel corso del quale è versata l’imposta sostitutiva. L'agevolazione è applicabile anche ai maggiori valori delle partecipazioni di controllo, iscritti in bilancio a seguito dell'operazione a titolo di avviamento, marchi d'impresa e altre attivita' immateriali."
53,"Estensione alle partecipazioni di controllo, anche quelle acquisite nell’ambito di operazioni di cessione di azienda, della disciplina di riallineamento dei maggior valori iscritti in bilancio a seguito di aggregazioni aziendali, recata dall’art. 15, commi 10-12, del DL 185/2008."
54,Non concorre a formare il reddito imponibile delle società cooperative e dei loro consorzi la quota del 90 per cento degli utili netti annuali destinata a riserva minima obbligatoria.
55,"Le somme di cui all'articolo 3, comma 2, lettera b), della legge 142/2001 e all'articolo 12 del decreto del Presidente della Repubblica 601/1973 destinate ad aumento del capitale non concorrono a formare il reddito imponibile"
56,Ritenute su interessi corrisposti ai soci persone fisiche delle cooperative
57,"Per le operazioni straordinarie (fusioni, scissioni, conferimenti di aziende) di cui agli articoli 172, 173 e 176 del TUIR, l’art. 176, comma 2-ter, del TUIR, prevede che, in alternativa al regime di neutralità fiscale, sia possibile optare per l’applicazione, in tutto o in parte, sui maggiori valori attribuiti in bilancio agli elementi dell’attivo costituenti immobilizzazioni materiali e immateriali, incluso l’avviamento, di un’imposta sostitutiva. Misura dell'imposta sostitutiva: 1 2% fino a 5 milioni di euro; 14% da 5 milioni di euro e fino a 10 milioni di euro; 16% sulla parte che eccede i 10 milioni di euro."
58,Per le società cooperative e loro consorzi sono ammesse in deduzione dal reddito le somme ripartite tra i soci sotto forma di restituzione di una parte del prezzo dei beni e servizi acquistati o di maggiore compenso per i conferimenti effettuati.
59,"Non concorrono al reddito imponibile delle cooperative le somme destinate alle riserve indivisibili, a condizione che sia esclusa la possibilità di distribuirle tra i soci, sia durante la vita dell'ente che all'atto del suo scioglimento. Tale norma non si applica alle cooperative a mutualità prevalente: a) per la quota del 20% degli utili netti delle cooperative agricole; b) per la quota del 40% degli utili netti delle altre cooperative; c) per la quota del 65% degli utili netti delle società cooperative di consumo. La limitazione non si applica alle cooperative sociali. Per le cooperative NON a mutualità prevalente la detassazione è limitata al 30% degli utili netti annuali (23% per coop di consumo, dal 2015), a condizione che tale quota sia destinata ad una riserva indivisibile prevista dallo statuto."
60,"Sono esenti da IRES i redditi conseguiti da società cooperative agricole e loro consorzi mediante l'allevamento di animali con mangimi ottenibili per almeno un quarto dai terreni dei soci nonché mediante la manipolazione, conservazione, valorizzazione, trasformazione e alienazione di prodotti agricoli e zootecnici e di animali conferiti prevalentemente dai soci. I redditi conseguiti dalle cooperative della piccola pesca e dai loro consorzi sono esenti da IRES. Tali esenzioni non operano limitatamente al 20% degli utili netti annuali."
61,"I redditi conseguiti dalle società cooperative di produzione e lavoro, limitatamente al reddito imponibile derivante dall'indeducibilità dell'imposta regionale sulle attività produttive, sono esenti da IRES se l'ammontare delle retribuzioni effettivamente corrisposte ai soci non è inferiore al cinquanta per cento dell'ammontare complessivo di tutti gli altri costi; se l'ammontare delle retribuzioni è inferiore al cinquanta per cento ma non al venticinque per cento dell'ammontare complessivo degli altri costi l'imposta sul reddito delle persone giuridiche e l'imposta locale sui redditi sono ridotte alla metà"
62,"Imposta sostitutiva con aliquota del 20% per le plusvalenze realizzate all’atto del conferimento di immobili e di diritti reali su immobili: - in SIIQ; - in SIINQ; - in fondi comuni di investimento immobiliare istituiti ai sensi dell’articolo 37 del testo unico di cui al decreto legislativo 24 febbraio 1998, n. 58 (comma 140, art. 1 L296/2006)."
63,Deduzione forfetaria dal reddito di impresa a favore degli esercenti impianti di distribuzione carburante
64,"Tonnage tax: regime di determinazione del reddito dei soggetti di cui all'art. 73, comma 1, lettera a), del TUIR, derivante dall'utilizzo delle navi indicate nell'art. 8-bis, comma 1, lett. a), del D.P.R. n. 633/1972, iscritte nel registro internazionale di cui al D.L. n. 457/1997, convertito, con modificazioni, dalla L. n. 30/1998. Il regime è opzionale e comporta la determinazione del reddito in via forfetaria secondo i criteri previsti dall'art. 156 del TUIR"
65,"I versamenti effettuati ai Fondi mutualistici per la promozione e lo sviluppo della cooperazione di cui all'art. 11, comma 1, della L. n. 59/1992, effettuati dai soggetti di cui all'art. 73, comma 1, lett. a) del TUIR sono esenti da imposte e sono deducibili, nei limiti del 3%, dalla base imponibile del soggetto che effettua l'erogazione."
66,Il reddito derivante dall'utilizzo di navi iscritte nel registro internazionale concorre in misura pari al 20% a formare il reddito complessivo ai fini IRES e IRPEF.
67,"Non concorrono a formare il reddito imponibile ai fini delle imposte dirette le quote di utili destinate ad aumento gratuito del capitale sociale, anche in deroga ai limiti massimi di partecipazione, purché nei limiti della variazione dell'indice dei prezzi al consumo accertata dall'Istat."
68,"L’ingresso nel regime speciale SIIQ e SIINQ comporta il realizzo a valore normale degli immobili, nonché dei diritti reali su immobili destinati alla locazione, posseduti dalla società alla data di chiusura dell’ultimo esercizio in regime ordinario. L’importo complessivo delle plusvalenze così realizzate, al netto di eventuali minusvalenze, è assoggettato a imposta sostitutiva con l’aliquota del 20 %."
69,"Previsione di un’imposta sostitutiva, con l'aliquota del 19%, delle imposte sui redditi sulle plusvalenze derivanti da conferimenti o cessioni di beni o aziende a favore dei Centri di assistenza fiscale (CAF)."
70,"Le società di gestione del risparmio, relativamente ai fondi comuni d’investimento immobiliare già istituiti nel settembre 2001, possono assoggettare ad imposta sostitutiva IRES del 25% il reddito relativo alla gestione di ciascun fondo."
71,"I proventi dei fondi di garanzia di cui alle leggi n. 454/1961 e n. 1068/1964, e al decreto- legge n. 976/1966, convertito nella L. n. 1142/1966, derivanti da contributi a fondo perduto, periodici o una volta tanto, dello Stato o di altri enti, nonché quelli derivanti dalle somme che le aziende e istituti di credito trattengono sui finanziamenti assistiti da garanzie e versati successivamente ai fondi, non concorrono a formare il reddito dei fondi stessi, ai fini IRES, a condizione che il loro ammontare venga integralmente destinato a costituire o incrementare un fondo di garanzia."
72,"Procedura accelerata di ammortamento dei beni mobili registrati con costo ammortizzabile ai fini fiscali non inferiore a 10 anni ed equipaggio di almeno 6 persone qualora siano concessi in locazione finanziaria con obbligo di acquisto, da un Gruppo europeo di interesse economico (GEIE) o da una società per azioni o a responsabilità limitata per le quali sia stata esercitata l'opzione prevista dall'articolo 115, comma 4, del Tuir (trasparenza fiscale), ad un'impresa che li destini all'esercizio della propria attività abituale."
73,"Deduzione forfetaria per spese non documentate (per un importo pari a determinate percentuali dell’ammontare dei ricavi) a favore degli intermediari, dei rappresentanti di commercio e degli esercenti attività di somministrazione di pasti e bevande e di prestazioni alberghiere (di cui al co. 1 dell’art. 1 del DM 13 ottobre 1979)."
74,Deduzione forfetaria per spese non documentate in base ai viaggi effettuati dagli esercenti autotrasporto c/terzi di minori dimensioni. Previsto un importo unico di deduzione forfetaria per i trasporti effettuati personalmente dall’imprenditore oltre i confini del Comune in cui ha sede l’impresa. Per i trasporti personalmente effettuati dall’imprenditore nell’ambito del Comune ove ha sede l’impresa viene prevista una deduzione pari al 35 per cento dell’importo spettante in caso di trasporto fuori Comune
75,Esenzione dall'Ires del reddito d'impresa derivante dall'attività di locazione immobiliare. Esenzione dall’Irap della quota del valore della produzione proporzionalmente corrispondente al rapporto tra i componenti positivi imputabili alla gestione esente rilevanti ai fini Irap e l’ammontare complessivo dei componenti positivi rilevanti agli stessi effetti.
76,Incentivi all'investimento in start-up innovative
77,Incentivi all'investimento in PMI innovative
78,"Tassazione degli azionisti sugli utili corrisposti da SIIQ o SIINQ. Ritenuta del 20 per cento sugli utili derivanti dall'attività di locazione immobiliare. La misura è ridotta al 15 per cento in relazione alla parte dell’utile di esercizio riferibile a contratti di locazione di immobili ad uso abitativo stipulati ai sensi dell'articolo 2, comma 3, della legge 9 dicembre 1998, n. 431. La ritenuta è applicata a titolo d’acconto, nei confronti di: a) imprenditori individuali, se le partecipazioni sono relative all'impresa commerciale; b) società in nome collettivo, in accomandita semplice ed equiparate, società ed enti indicati nelle lettere a) e b) del comma 1 dell'articolo 73 del Tuir, e stabili organizzazioni nel territorio dello Stato delle società e degli enti di cui alla lettera d) del predetto articolo 73, comma 1. La ritenuta è applicata a titolo d'imposta in tutti gli altri casi."
79,"Rientrano tra i soggetti per i quali l’Ires è ridotta alla metà di cui all’art. 6 del D.P.R. n. 601/1973, gli enti aventi le stesse finalità sociali degli Iacp, istituiti nella forma di società (con personalità giuridica) che rispondono ai requisiti della legislazione UE in materia di “in house providing” e che siano costituiti e operanti alla data del 31/12/13. Per tali soggetti è stato inoltre stabilito che non si considerano contributi o liberalità, e pertanto non sono sopravvenienze attive ai sensi dell’art. 88 del Tuir, i finanziamenti erogati dallo Stato, dalle Regioni e dalle Province autonome per la costruzione, ristrutturazione e manutenzione straordinaria e ordinaria di immobili di edilizia residenziale pubblica."
80,"Rivalutazione dei beni d’impresa e delle partecipazioni, ad esclusione degli immobili alla cui produzione o al cui scambio è diretta l’attività di impresa, risultanti dal bilancio dell’esercizio in corso al 31/12/14. Il saldo attivo della rivalutazione può essere affrancato, in tutto o in parte, con l’applicazione in capo alla società di un’imposta sostitutiva delle imposte sui redditi, dell’Irap e di eventuali addizionali nella misura del 10%. Il maggior valore attribuito ai beni in sede di rivalutazione si considera riconosciuto ai fini delle imposte sui redditi e dell’Irap a decorrere dal 3° esercizio successivo a quello con riferimento al quale la rivalutazione è stata eseguita, mediante il versamento di un’imposta sostitutiva delle imposte sui redditi e dell’Irap e di eventuali addizionali nella misura del 16% per i beni ammortizzabili e del 12% per i beni non ammortizzabili."
81,"Sono deducibili le somme corrisposte, anche su base volontaria, a consorzi cui le imprese aderiscono ottemperando a obblighi di legge, indipendentemente dal trattamento contabile e purché utilizzate agli scopi dei consorzi. Le medesime somme sono deducibili dall’IRAP. Tali agevolazioni si applicano dall’esercizio in corso al 31/12/15."
82,"I maggiori o minori valori derivanti dalla riduzione o conversione di azioni disposta dalla Banca d'Italia per il risanamento o risoluzione di enti creditizi e delle imprese di investimento, disciplinata dal D.lgs. n. 180/2015 non concorrono a formare il reddito imponibile ai fini delle imposte dirette, né a formare la base imponibile Irap del soggetto che ha emesso gli strumenti stessi. I maggiori o minori valori derivanti dal cd. bail in, (ossia dalla misura di risoluzione delle banche che prevede la riduzione o la conversione in capitale dei diritti degli azionisti e dei creditori), nonché i conferimenti del Fondo di risoluzione e le somme corrisposte dal sistema di garanzia dei depositanti nel corso della procedura di risoluzione, non concorrono alla formazione del reddito imponibile ai fini Ires, per la parte che eccede le perdite pregresse e di periodo, né alla base imponibile Irap dell’ente sottoposto a risoluzione. In tale ipotesi non si applicano gli ordinari limiti di riportabilità delle perdite; rilevano anche le perdite trasferite al consolidato nazionale, non ancora utilizzate."
83,"Nel caso in cui siano adottate azioni di risoluzione bancaria la trasformazione in credito d'imposta delle attività per imposte anticipate relative ai componenti negativi di cui al co. 55 dell'art. 2 del D.L. n. 225/2010, iscritte nella situazione contabile di riferimento dell'ente sottoposto a risoluzione decorre dalla data di avvio della risoluzione e opera sulla base dei dati della medesima situazione contabile. Con decorrenza dal periodo d'imposta in corso alla data di avvio della risoluzione non sono deducibili i componenti negativi corrispondenti alle attività per imposte anticipate trasformate in credito d'imposta ."
84,Escluse dalle sopravvenienze attive i versamenti effettuati dal fondo di risoluzione agli enti ponte.
85,"La cessione di diritti, attività e passività di una banca sottoposta a risoluzione a un ente ponte non costituisce realizzo di plusvalenze o minusvalenze ai fini Ires e Irap. I beni ricevuti dall'ente ponte sono valutati fiscalmente in base agli ultimi valori fiscali riconosciuti in capo all'ente cedente. Dalla data in cui ha effetto la cessione l'ente ponte subentra nella posizione dell'ente sottoposto a risoluzione in ordine ai diritti, attività o passività oggetto di cessione, incluse la deduzione o la tassazione dei componenti di reddito dell'ente sottoposto a risoluzione già imputati a conto economico e non ancora dedotti o tassati dallo stesso alla data della cessione, e nelle deduzioni derivanti da opzioni di riallineamento dell'avviamento e di altre attività immateriali esercitate dall'ente sottoposto a risoluzione. Le perdite dell'ente sottoposto a risoluzione sono portate in diminuzione del reddito dell'ente ponte."
86,"Irrilevanza fiscale dei contributi volontari percepiti da soggetti sottoposti a procedure di crisi o che sono stati sottoposti a procedure di crisi nei 24 mesi antecedenti alla data in cui hanno ricevuto il contributo. Inserimento comma 3 bis all'art. 88 del Tuir. Non costituiscono sopravvenienze attive, in quanto escluse, i contributi percepiti a titolo di liberalità dai soggetti sottoposti ad alcune procedure concorsuali, alle procedure di crisi di cui all'art. 20 del D.lgs. n. 180/2015 (dissesto o rischio di dissesto bancario), alla procedura di amministrazione straordinaria di cui all'art. 70 e ss. del D.lgs. n. 385/1993."
87,Credito d'imposta a favore delle imprese armatoriali
88,"Estensione del beneficio di cui all'art. 4, comma 1, del D.L. n. 457/1997, nel limite dell'80%, alle imprese che esercitano la pesca costiera, nonché alle imprese che esercitano la pesca nelle acque interne e lagunari. L'art. 2, comma 2, della L. 203/2008 stabilizza a regime detto beneficio a decorrere dal periodo d'imposta 2009."
89,"Estensione del beneficio di cui all’art. 4, comma 1, del D.L. n. 457/1997, alle imprese che esercitano la pesca oltre gli stretti e, nel limite del 70%, a quelle che esercitano la pesca mediterranea."
90,Crediti d’imposta finalizzati allo sviluppo delle attività cinematografiche
91,Credito d’imposta a favore degli esercenti delle sale cinematografiche commisurato ai corrispettivi al netto dell’IVA
92,Credito d’imposta assunzione lavoratori detenuti
93,Credito d’imposta a favore delle farmacie pubbliche e private per acquisto di software
94,Credito d’imposta investimenti in campagne pubblicitarie localizzate in determinate aree del Paese
95,Credito d'imposta per i produttori indipendenti di opere audiovisive
96,ART-BONUS-Credito di imposta per favorire le erogazioni liberali a sostegno della cultura
97,Disposizioni urgenti recanti introduzione di un credito d'imposta per la digitalizzazione degli esercizi ricettivi
98,Credito d'imposta per le spese relative ad interventi di rete fissa e mobile che consentano l'attivazione dei servizi di connettività digitale con capacità uguale o superiore a 30 Mbps.
99,Credito d’imposta per la modernizzazione del sistema di distribuzione e vendita dei prodotti editoriali
100,Credito d'imposta per la realizzazione di nuove infrastrutture
101,Finanziamento di infrastrutture mediante defiscalizzazione (RU Codice 94)
102,"Credito d'imposta commisurato all'indennità corrisposta ai soggetti abilitati a svolgere la mediazione con un massimo di 500 euro. In caso di insuccesso della mediazione, il credito d'imposta è ridotto della metà."
103,Credito d’imposta per il recupero del contributo versato al S.S.N. dagli autotrasportatori
104,"Assoggettamento a tassazione separata delle plusvalenze, compreso il valore di avviamento, realizzate mediante cessione a titolo oneroso di aziende possedute da più di cinque anni e redditi conseguiti in dipendenza di liquidazione, anche concorsuale, di imprese commerciali esercitate da più di cinque anni"
105,Assoggettamento a tassazione separata dell' indennità per perdita dell'avviamento spettante al conduttore in caso di cessazione della locazione di immobili urbani adibiti a usi diversi da quello di abitazione e indennità di avviamento delle farmacie spettanti al precedente titolare
106,"Rientro dei lavoratori e degli studenti in Italia. Riduzione, sui redditi di lavoro dipendente, di lavoro autonomo e di impresa, dell'imponibile per le lavoratrici e i lavoratori"
107,Riduzione nella misura del 30 per cento del reddito di lavoro dipendente prodotto in Italia. L'agevolazione spetta a decorrere dal periodo d'imposta del trasferimento della residenza in Italia e per i quattro periodi d’imposta successivi
108,"Credito d'imposta commisurato al compenso corrisposto agli arbitri nel procedimento di arbritato o agli avvocati nel procedimento di negoziazione assistita e riconosciuto, per un importo massimo di euro 250, in caso successo della negoziazione ovvero di conclusione dell'arbitrato con lodo"
109,Imposta minima di registro e esenzione da imposta ipotecaria per i trasferimenti di proprietà o concessione del diritto di superficie relativi ad aree da destinare ad insediamenti produttivi
110,Determinazione forfettaria dell’accisa sulla birra per piccole fabbriche
111,Carburanti per i trasporti ferroviari di passeggeri e merci - applicazione di un'aliquota pari al 30% di quella normale
112,Riduzione dell'accisa sui carburanti per le prove sperimentali e collaudo di motori di aviazione e marina
113,Riduzione dell'accisa sui carburanti per i Taxi
114,Riduzione di accisa sul gasolio impiegato come carburante per l'autotrasporto merci ed altre categorie di trasporto passeggeri
115,Regime speciale per i documenti di viaggio per il trasporto pubblico urbano
116,Trasporti internazionali di persone
117,"Esenzione delle prestazioni di trasporto urbano di persone effettuate mediante taxi o altri mezzi di trasporto abilitati ad eseguire servizi di trasporto marittimo, lacuale, fluviale e lagunare Esenzione delle prestazioni di trasporto urbano di persone effettuate mediante taxi o altri mezzi di trasporto abilitati ad eseguire servizi di trasporto marittimo, lacuale, fluviale e lagunare"
118,"Deduzione forfetaria del 25% per i redditi derivanti dalla utilizzazione economica, da parte dell'autore o inventore, di opere dell'ingegno, di brevetti industriali e di processi, formule o informazioni relativi ad esperienze acquisite in campo industriale, commerciale o scientifico, se non sono conseguiti nell'esercizio di imprese commerciali. La deduzione è elevata al 40% se il percettore non ha superato i 35 anni di età"
119,Credito d'imposta per investimenti in attività di ricerca e siluppo
120,"Integrale deducibilità dei fondi trasferiti per il finanziamento della ricerca, a titolo di contributo o liberalità"
121,"Patent Box. Tassazione agevolata per i redditi derivanti dall’utilizzo di: software protetto da copyright; brevetti industriali; disegni e modelli; processi, formule e informazioni relativi ad esperienze acquisite nel campo industriale, commerciale o scientifico giuridicamente tutelabili. Il regime è valevole per 5 esercizi sociali in base a opzione irrevocabile. Esclusione dal reddito del 50% (a regime) dei redditi derivanti dall'utilizzo di alcuni beni immateriali."
122,Imposta di registro e ipotecaria in misura fissa ed esenzione da imposta catastale per atti di trasferimento di terreni in zone montane
123,Accesso gratuito alle conservatorie dei registri immobiliari da parte dei Consorzi di bonifica e irrigazione e rilascio gratuito dei relativi certificati
124,Deduzione della rendita catastale dell'unità immobiliare adibita ad abitazione principale e delle relative pertinenze
125,"Detrazione, nella misura del 36%, delle spese per interventi di recupero del patrimonio edilizio"
126,Determinazione del reddito delle unità immobiliari locate: riduzione forfetaria del canone di locazione
127,Detrazione per interessi passivi e oneri accessori relativi a mutui ipotecari per l'acquisto o la costruzione dell'abitazione principale
128,Detrazione per interessi passivi e oneri accessori relativi a mutui ipotecari per l'acquisto di immobili da adibire ad abitazione diversa da quella principale
129,Detrazione per interessi passivi relativi a mutui contratti nel 1997 per interventi di recupero del patrimonio edilizio
130,Detrazione su compensi pagati agli intermediari per l'acquisto dell'abitazione principale
131,Detrazione per canoni di locazione dell'abitazione principale
132,"Ulteriore riduzione del 30% del reddito imponibile che deriva al proprietario dai contratti stipulati o rinnovati ai sensi del comma 3 dell'art. 2 (contratti a canone concordato), ai sensi del comma 2 dell'articolo 5 (studenti universitari) noncè del comma 3 dell'art. 1 (contratti di locazione stipulati dagli enti locali in qualità di conduttori per soddisfare esigenze abitative di carattere transitorio)."
133,Detrazione per spese di manutenzione protezione e restauro delle case vincolate si sensi della legge n. 1089 del 1939
134,"Deduzione di canoni, livelli, censi, ed altri oneri gravanti sui redditi degli immobili che concorrono a formare il reddito complessivo"
135,"Applicazione di un'imposta sostitutiva delle imposte sui redditi, nella misura del 20%, sulle plusvalenze realizzate a seguito di cessioni a titolo oneroso di beni immobili acquistati o costruiti da non più di cinque anni"
136,"Non sono produttive di redditi di fabbricati le costruzioni o porzioni di costruzioni rurali, e relative pertinenza, appartenenti al possessore o all'affittuario dei terreni e destinate a specifici utilizzi"
137,"Cedolare secca. Applicazione di un'imposta sostitutiva dell'IRPEF e delle addizionali all'IRPEF nonché dell'imposta di registro e di bollo, con aliquota del 21% sui canoni derivanti dalla locazione di immobili a uso abitativo. L'aliquota è ridotta al 19% nell'ipotesi di locazione a canone concordato"
138,L'aliquota della cedolare secca nelle ipotesi di locazione a canone concordato è ridotta al 10 per cento
139,"Deduzione per l'acquisto di unità immobiliari, a destinazione residenziale, di nuova costruzione, invendute alla data del 12 novembre 2014, o sulle quali sono stati effettuati interventi di ristrutturazione edilizia o di restauro e di risanamento conservativo, che saranno successivamente concesse in locazione, per almeno otto anni, a canone agevolato. L’agevolazione fiscale è riconosciuta anche quando l’unità immobiliare acquistata è ceduta in usufrutto a soggetti giuridici pubblici o privati operanti da almeno dieci anni nel settore dell'alloggio sociale."
140,Esenzione dal pagamento dell’imposta sul valore degli immobili situati all'estero (IVIE) con riferimento al possesso dell'abitazione principale o della casa coniugale assegnata al coniuge.
141,"Aliquota ridotta dell’imposta sul valore degli immobili situati all'estero (IVIE) con riferimento al possesso dell'abitazione principale o della casa coniugale assegnata al coniuge, appartenente alla categoria degli immobili di lusso."
142,Misura per l'acquisto della prima casa: riduzione dell'aliquota dell'imposta di registro
143,Case popolari ed economiche . Contratti di assicurazione sulla vita umana a garanzia della casa
144,"Cooperative edilizie sovvenzionate dallo Stato. Assicurazioni contro i danni previsti dall'articolo 7, lettera a) della Tariffa allegato A"
145,Assoggettamento a tassazione separata delle plusvalenze di cui alla lett. b) del comma 1 dell'art. 67 realizzate a seguito di cessioni a titolo oneroso di terreni suscettibili di utilizzazione edificatoria secondo gli strumenti urbanistici vigenti al momento della cessione
146,Credito d'imposta per il riscatto a termine dell'alloggio sociale
147,"Applicazione delle imposte ipotecaria, catastale e imposta di registro in misura fissa in relazione a a) permute di immobili compresi in piani di recupero b) trasferimenti di immobili compresi in piani di recupero"
148,"Esenzione dall’ applicazione delle imposte ipotecarie e catastali, imposta di registro in misura fissa per atti di trasferimento della proprietà: a) delle aree comprese nei piani di edilizia residenziale pubblica b) delle aree comprese nei piani da destinare a insediamenti produttivi"
149,Applicazione imposta ipotecaria in misura fissa per gli acquisti della prima casa
150,Applicazione imposta catastale in misura fissa per gli acquisti della prima casa
151,Riduzione della base imponibile al 70 per cento del corrispettivo annuo per l'applicazione dell'imposta di registro sui contratti di locazione di immobili adibiti ad uso abitativo
152,"Applicabilità delle disposizioni di cui agli artt. 15, 17 e 18 del D.P.R. n. 601 del 1973 per i mutui concessi da istituti ed enti previdenziali per l'acquisto di abitazioni"
153,"Imposta di registro in misura ridotta su cessioni di immobili a banche e società di leasing per locazioni finanziarie a favore di utilizzatori aventi i requisiti ""prima casa"""
154,"Detrazione per spese sanitarie, spese mediche e di assistenza specifica diverse da quelle di cui all'art. 10, comma 1, lett. b), del Tuir, spese per prestazioni mediche specialistiche"
155,Detrazione per contributi associativi versati dai soci delle società di mutuo soccorso
156,"Detrazione per le donazioni effettuate all'ente ospedaliero ""ospedale Galliera"" di Genova"
157,Riduzione dell'accisa sui carburanti per le autoambulanze -
158,"Aliquota IVA ridotta del 5% per le prestazioni socio-sanitarie, assistenziali ed educative rese dalle cooperative sociali e loro consorzi"
159,Esenzione delle prestazioni sanitarie
160,Esenzione delle prestazioni di ricovero e cura rese da enti ospedalieri o da cliniche e case di cura convenzionate
161,"Esenzione delle cessioni di organi, sangue e latte umani e di plasma sanguigno"
162,"Esenzione delle prestazioni socio-sanitarie, di assistenza domiciliare o ambulatoriale, in comunita' e simili, in favore di persone disagiate rese da organismi di diritto pubblico e da ONLUS"
163,Deduzione delle spese mediche e di quelle di assistenza specifica necessarie nei casi di grave e permanente invalidità o menomazione
164,Deduzione dei contributi versati ai fondi integrativi del servizio sanitario nazionale istituiti ai sensi del d.lgs 502 del 1992
165,"Esenzione da imposta di donazione, ipotecarie e catastali per le donazioni a favore degli istituti di ricovero e cura a carattere scientifico di immobili con specifica destinazione a finalità sanitarie"
166,"Detrazione per erogazioni liberali in denaro e in natura a favore dello Stato, delle regioni, degli enti locali territoriali e altre persone giuridiche che, senza scopo di lucro, svolgono attività di studio, ricerca e documentazione di rilevante valore culturale e artistico, nonché per le erogazioni effettuate per l’organizzazione di mostre ed esposizioni di rilevante interesse scientifico-culturale."
167,Credito di imposta nella misura del 65 per cento delle erogazioni liberali in denaro per interventi a favore della cultura e dello spettacolo.
168,"Detrazione per erogazioni liberali in denaro in favore delle persone giuridiche che, senza scopo di lucro, svolgono attività nello spettacolo"
169,"Detrazione per erogazioni liberali in denaro alla Società di cultura ""La Biennale di Venezia"""
170,"Innalzamento al 30 per cento del limite di detraibilità per le persone fisiche e di deducibilità per le imprese, società e enti delle somme versate al patrimonio degli enti operanti nel settore musicale al momento della partecipazione"
171,"Deduzione dal reddito d'impresa con limiti determinati per le single fattispecie - tra cui: a) opere o servizi destinati ai dipendenti per finalità di educazione, istruzione, ricreazione, assistenza sociale e sanitaria o culto; b) erogazioni liberali in favore di persone giuridiche che perseguono le finalità di cui alla lettera a), ovvero di ricerca scientifica, nonché contributi, donazioni e obliazioni in favore delle O.N.G; c) erogazioni liberali in favore di persone giuridiche aventi sede nel mezzogiorno aventi esclusiva finalità di ricerca scientifica; d) erogazioni liberali a favore di concessionari privati per la radiodiffusione sonora a carattere comunitario; e) spese sostenute dai soggetti obbligati alla manutenzione, protezione e restauro delle cose vincolate."
172,"Deducibilità delle erogazioni liberali in denaro favore di enti o istituzioni pubbliche, associazioni e fondazioni riconosciute con finalità di studio, ricerca e documentazione di rilevante valore culturale e artistico, nonché per le erogazioni effettuate per l’organizzazione di mostre ed esposizioni di rilevante interesse scientifico-culturale."
173,"Deducibilità per un importo non superiore al 2% del reddito d'impresa delle erogazioni liberali in denaro a favore di enti o istituzioni pubbliche, associazioni e fondazioni che, senza scopo di lucro, svolgono attività nello spettacolo"
174,Deducibilità delle erogazioni liberali in denaro per un importo non superiore a 30.000 o al 2% del reddito d'impresa a favore delle ONLUS e di altre persone giuridiche individuate con apposito decreto che svolgono attività umanitarie
175,"Deducibilità delle spese relative all'impiego di lavoratori dipendenti, nel limite del 5‰ dell'ammontare complessivo delle spese per prestazioni di lavoro dipendente, utilizzati per prestazioni di servizi erogate a favore di ONLUS"
176,"Deducibilità delle erogazioni liberali in denaro per un importo non superiore a 1.549,37 o al 2% del reddito di impresa a favore delle associazioni di promozione sociale iscritte negli appositi registri"
177,Deducibilità delle erogazioni liberali in denaro per la realizzazione di programmi culturali nei settori dei beni culturali e dello spettacolo
178,Deducibilità delle erogazioni liberali in denaro a favore di organismi di gestione di parchi e riserve naturali e zone di speciale tutela paesistico-ambientale
179,Deducibilità delle erogazioni liberali in denaro effettuate per la realizzazione di programmi di ricerca scientifica nel settore della sanità
180,"Deducibilità delle erogazioni liberali, nel limite del 2% del reddito d'impresa dichiarato e comunque nella misura massima di 70.000 € annui, a favore degli istituti scolastici di ogni ordine e grado, finalizzate all'innovazione tecnologica all'edilizia scolastica e all'ampliamento dell'offerta formativa"
181,"Non concorrenza alla formazione del reddito complessivo dei redditi catastali degli immobili destinati ad usi culturali (totalmente adibiti a sedi aperte al pubblico di musei , biblioteche, archivi, cineteche )"
182,Detrazione e deducibilità delle erogazioni liberali in denaro in favore della Fonadazione La Biennale di Venezia
183,I proventi percepiti nell’esercizio di attività commerciali svolte in conformità agli scopi istituzionali sono esclusi dalle imposte sui redditi
184,Detrazione e deducibilità dal reddito d'impresa per le erogazioni liberali a favore delle fondazioni musicali nella misura del 30 per cento (Misura già riportata al n. 205)
185,Le quote versate dai soci e gli incassi derivanti dall’emissione dei titoli di accesso ai soci non concorrono a formare reddito imponibile
186,"Equiparazione ai soggetti esenti dall’Ires indicati dall’articolo 74, comma 1 del Tuir per le associazioni operanti nelle manifestazioni in ambito locale ma di particolare interesse storico, artistico e culturale"
187,"Non assoggettamento ad IVA delle operazioni di divulgazione pubblicitaria svolte a beneficio di enti e associazioni che perseguono finalita' educative, culturali, sportive, religiose e di assistenza e solidarieta' sociale, nonche' delle ONLUS"
188,Non assoggettamento ad IVA delle cessioni di diritti d'autore effettuate dagli autori o dai loro eredi
189,Esclusione dall'attivo ereditario di beni culturali
190,Tasse sulle concessioni governative ridotte al 25% ai concessionari privati per la radiodiffusione sonora a carattere comunitario
191,"Per gli atti relativi a beni culturali di cui alle norme citate, imposta di registro con aliquota ridotta al 3 per cento e base imponibile minima ."
192,"Per i Beni culturali di cui alla norma citata, esclusione dall'asse ereditario a talune condizioni ai fini dell'imposta di successione"
193,Imposta di registro ed ipotecaria in misura fissa sui trasferimento a titolo oneroso di terreni agricoli
194,Assicurazioni dei Beni di interesse storico e artistico Assicurazioni dei Beni di interesse storico e artistico
195,Detrazione per spese di istruzione
196,Detrazione di un importo equivalente a quello della borsa di studio erogata dalle Regioni e dalle Province autonome di Trento e Bolzano
197,Esclusione dalla base imponibile delle somme corrisposte a titolo di borsa di studio dal Governo italiano a cittadini stranieri in forza di accordi e intese internazionali
198,"Esenzione dall'IRPEF delle borse di studio corrisposte nell'ambito del programma Socrates di cui alla Decisione 819/95/CE del Parlamento Europeo e del Consiglio del 14 marzo 1995 nonché le somme aggiuntive corrisposte dalle Università a condizione che l'importo complessivo annuo non superi euro 7746,85"
199,"Esenzione dall'IRPEF delle borse di studio corrisposte da Università e istituti di istruzione universitaria per la frequenza dei corsi di perfezionamento e scuole di specializzazione, corsi di dottorato di ricerca, attività di ricerca post dottorato e corsi di perfezionalento all'estero."
200,Detrazione per canoni di locazione (contratti ex lege n. 431 del 1998) stipulati da studenti universitari
201,"Esenzione dall'IRPEF delle borse di studio corrisposte agli studenti universitari - Esenzione dall'IRPEF delle borse di studio erogate nell'ambito del programma ""Erasmus +"""
202,Esenzione dall'IRPEF delle borse di studio corrisposte alle vittime del terrorismo e della criminalità organizzata nonché agli orfani ed ai figli di questi ultimi.
203,"Esenzione dall'IRPEF delle borse di studio per la frequenza dei corsi di perfezionamento, specializzazione ecc. erogate dalla Provincia autonoma di Bolzano."
204,"Deduzione delle erogazioni liberali in denaro effettuate a favore di università, fondazioni universitarie, istituzioni universitarie pubbliche, enti di ricerca pubblici e vigilati dal Ministero dell'Istruzione, nonché degli enti parco regionali e nazionali"
205,"Detrazione per erogazioni liberali, a favore degli istituti scolastici di ogni ordine e grado statali e paritari senza scopo di lucro, delle istituzioni dell'alta formazione artistica, musicale e coreutica e delle università, finalizzate a innovazione tecnologica, edilizia scolastica e ampliamento offerta formativa"
206,"Non costituiscono attività commerciali le prestazioni aventi per oggetto lo svolgimento di attività didattiche e culturali a carattere nazionale o internazionale svolte da collegi universitari legalmente riconosciuti e posti sotto la vigilanza del Ministero dell’università e della ricerca, comprese le prestazioni relative all’alloggio, al vitto e alla fornitura di libri e materiale didattico."
207,"Credito d'imposta per le erogazioni liberali destinate agli istituti del Sistema nazionale d'istruzione (""School Bonus"")"
208,Detassazione ai fini Irpef sugli emolumenti percepiti da docenti e ricercatori che rientrano in Italia per svolgere la loro attività lavorativa. La misura spetta per il periodo d'imposta in cui si acquisisce la residenza fiscale e per i tre periodi di imposta successivi
209,"Esclusione dalla base imponibile degli assegni periodici destinati al mantenimento dei figli spettanti al coniuge in conseguenza di separazione legale ed effettiva o di annullamento, scioglimento o cessazione degli effetti civili del matrimonio, nella misura in cui risultano da provvedimenti del giudice"
210,Esclusione dalla base imponibile degli assegni familiari e dell'assegno per il nucleo familiare
211,"Detrazione per spese relative a premi assicurativi per morte, invalidità permanente, non autosufficienza"
212,"Deduzione degli assegni periodici corrisposti al coniuge, ad esclusione di quelli destinati al mantenimento dei figli, in conseguenza di separazione legale ed effettiva, di scioglimento o annullamento del matrimonio, o di cessazione dei suoi effetti civili del matrimonio"
213,Detrazione per spese relative a mezzi necessari all'accompagnamento e a facilitare l'autosufficienza dei soggetti disabili; detrazione per spese relative a cani guida per non vedenti; detrazione per servizi di interpretariato
214,Detrazione del 19% per le spese di frequenza degli asili nido
215,Detrazione per addetti all'assistenza personale nei casi di non autosufficienza nel compimento degli atti della vita quotidiana
216,"Deduzione degli assegni periodici, corrisposti in forza di testamento o donazione modale e, se risultanti da provvedimenti di autorità giudiziaria, gli assegni alimentari corrisposti alle persone indicate nell'art. 433 del codice civile"
217,Deduzione delle spese sostenute dai genitori adottivi per l'espletamento della procedura di adozione
218,Detrazione spese mantenimento cani guida
219,Detrazione spese funebri
220,Deduzione dell'indennità per perdita di avviamento corrisposte per disposizioni di legge al conduttore in caso di cessazione di locazione di immobili urbani adibiti ad usi diversi da quello di abitazione
221,Deduzione delle erogazioni liberali in denaro per il pagamento degli oneri difensivi dei soggetti ammessi al patrocinio a spese dello Stato
222,Esenzione dall'IRPEF in presenza solo di redditi fondiari di importo non superiore a 500 euro
223,"Esenzione dalla tassazione dei redditi di terreni fino a euro 185,92 per soggetti titolari di redditi di pensione fino a 7.500 euro"
224,"L'IRES è ridotta alla metà nei confronti di: a) enti e istituti di assistenza sociale, società di mutuo soccorso, enti ospedalieri, enti di assistenza e beneficenza; b) istituti di istruzione e istituti di studio e sperimentazione di interesse generale che non hanno fine di lucro, corpi scientifici, accademie, fondazioni e associazioni storiche, letterarie, scientifiche, di esperienze e ricerche aventi scopi esclusivamente culturali; c) enti il cui fine è equiparato per legge ai fini di beneficenza o di istruzione; d) istituti autonomi per le case popolari, comunque denominati, e loro consorzi nonché enti aventi le stesse finalità sociali dei predetti Istituti, istituiti nella forma di società che rispondono ai requisiti della legislazione dell'Unione europea in materia di ""in house providing"" e che siano costituiti e operanti alla data del 31 dicembre 2013"
225,Contributo sotto forma di sconto sul prezzo di vendita pari al 20 % per acquisto di autoambulanze e mezzi antincendio da parte di associazioni di volontariato e ONLUS. Il contributo è anticipato dal venditore ed è a quest’ultimo rimborsato sotto forma di credito di imposta
226,Non si considerato destinati a finalità estranee all’esercizio dell’impresa le cessioni gratuite alle ONLUS di derrate alimentari e prodotti farmaceutici alla cui produzioni o al cui scambio è diretta l’attività dell’impresa (c.2) Non si considerano destinati a finalità estranee all’esercizio di impresa i beni non di lusso diversi da quelli indicati al c. 2 alla cui produzione o scambio è diretta all’attività dell’impresa ceduti gratuitamente alle ONLUS (c.3)
227,"Non si considerano destinati a finalità estranee all’esercizio d’impresa e sono considerati distrutti ai fini IVA, i prodotti editoriali e le dotazioni informatiche ceduti gratuitamente a enti locali ed enti religiosi, ecc."
228,Esenzione dal pagamento dell’imposta sugli intrattenimenti per lo svolgimento occasionale delle attività indicate nella tariffa allegata al DPR n.640 del 1972 a favore dei centri sociali per anziani
229,Credito d'imposta per il contrasto alla povertà minorile
230,"Determinazione del reddito di lavoro autonomo di volontari e cooperanti, sulla base di retribuzioni convenzionali stabilite da MAE di concerto Min Lavoro"
231,"Deduzione delle erogazioni liberali in denaro e in natura a favore degli enti del cd. terzo settore (Onlus, Ong, organismi di volontariato etc etc) nel limte del 10 per cento del reddito complessivo e comunque nella misura massima di 70.000 euro annui"
232,Detrazione per erogazioni liberali in denaro a favore delle ONLUS e di altre persone giuridiche individuate con apposito decreto che svolgono attività umanitarie.
233,Deduzione delle erogazioni liberali in denaro a favore dell'Istituto centrale per il sostentamento del clero della Chiesa Cattolica italiana
234,"Deduzione delle erogazioni liberali iin denaro a favore dell'Unione delle Chiese Avventiste del 7° giorno, delle Assemblee di Dio in Italia e della Tavola Valdese"
235,Deduzione erogazioni liberali in denaro in favore dell'Unione Cristiana Evangelica Battista d'Italia
236,Deduzione erogazioni liberali in denaro in favore della Chiesa Evangelica Luterana in Italia
237,Deduzione dei contributi annuali versati alle Unioni Comunità Ebraiche Italiane
238,Detrazione per erogazioni liberali in denaro a favore di partiti politici iscritti nella prima sezione del registro nazionale dei partiti politici
239,"Detrazione del 26% delle erogazioni liberali in denaro ai partiti politici per importi compresi tra 30 euro e 30.000 euro annui. Sono esclusi gli enti nei quali vi sia una partecipazione pubblica o i cui titoli siano negoziati in mercati regolamentati nonché le società ed enti che controllano tali soggetti, nonché le società concessionarie dello Stato o di enti pubblici, per la durata del rapporto di concessione."
240,"Deduzione delle oblazioni, donazioni e contributi in favore delle organizzazioni non governative"
241,Detrazione per erogazioni liberali in denaro a favore delle associazioni di promozione sociale iscritte negli appositi registri
242,Detrazione spese veterinarie
243,"Non imponibilità ai fini delle imposte sui redditi dei proventi derivanti da attività commerciali e produttive marginali come individuate con DM 25 maggio 1995, qualora sia documentato il loro totale impiego per i fini istituzionali dell’organizzazione di volontariato."
244,"Non è considerata commerciale, così come per gli associati, la cessione di beni e la prestazione di servizi resa da associazioni di promozione sociale nei confronti dei familiari conviventi degli associati."
245,Esclusione dalla base imponibile ai fini dell' imposta sugli intrattenimenti delle quote e dei contributi corrisposti alle associazioni di promozione sociale
246,"Esenzione da qualsiasi tassa e imposta indiretta e formalità di registrazione operazioni ed atti , pagamento risarcimento vittime della strada e rapporti tra CONSAP ed imprese assicuratrici per responsabilità civile veicoli e natanti"
247,Esenzione dalle tasse sulle concessioni governative gli atti e i provvedimenti concernenti le ONLUS e le società e associazioni sportive dilettantistiche
248,"Esenzione dalle tasse sulle concessioni governative gli atti costitutivi, gli statuti ed ogni altro atto necessario per l’adempimento di obblighi dei movimenti o partiti politici, derivanti da disposizioni legislative o regolamentari"
249,Esenzione da tasse sulle concessioni governative e licenze o i documenti sostitutivi intestati ad invalidi a seguito di perdita anatomica o funzionale di entrambi gli arti inferiori nonchè a non vedenti e a sordi
250,Le vittime di atti di terrorismo e delle stragi di tale matrice e i loro superstiti che siano stati parti in causa in un procedimento giurisdizionale comunque dipendente da atti di terrorismo o strage di tale matrice sono esenti dall'obbligo di pagamento dell'imposta di registro e da ogni altra imposta.
251,"Esenzione da imposta sulle sucessioni, ipotecaria e catastale, di bollo e dalle altre tasse e diritti per i parenti di primo grado delle persone decedute a causa del sisma del 6 aprile 2009 nella regione Abruzzo"
252,"Esenzione, senza limiti di valore, da imposta di bollo, di registro e ogni spesa, tassa o diritto di qualsiasi specie e natura per atti, documenti e provvedimenti relativi alle cause per le controversie individuali di lavoro o concernenti rapporti di pubblico impiego"
253,"Esenzione da imposte di bollo, di registro e ogni altra spesa, tassa o diritto per gli atti, documenti e provvedimenti relativi a procedure di affidamento e adozione di minori"
254,"Esenzione da imposta di bollo, di registro e ogni altra tassa per i procedimenti di scioglimento di matrimonio e procedimenti anche esecutivi e cautelari diretti ad ottenere la corresponsione o la revisione degli assegni"
255,Esenzione da imposte e tasse per i trasferimenti di beni mobili e immobili posti in essere dall'Associazione nazionale fra mutilati ed invalidi di guerra a favore della Fondazione dell'associazione nazionale fra mutilati e invalidi di guerra
256,"Esenzione da bollo e ogni altra imposta e tassa nonchè dall'obbligo della richiesta di registrazione per gli atti, documenti e provvedimenti relativi all'azione civile contro la violenza nelle relazioni familiari, nonché i procedimenti anche esecutivi e cautelari diretti a ottenere la corresponsione dell'assegno di mantenimento previsto dal comma 3 dell'articolo 282-bis del codice di procedura penale e dal secondo comma dell'articolo 342-ter del codice civile"
257,"Esenzione da imposte e tributi per le domande, gli atti, i provvedimenti, i contratti, comunque relativi all'attuazione delle leggi per la ricostruzione e lo sviluppo delle zone colpite dal terremoto del novembre 1980 e del febbraio 1981 e qualsiasi documentazione diretta a conseguirne i benefici"
258,Esenzione da imposte e tributi per gli atti relativi a ricostruzione e rinascita delle zone colpite dal terremoto dell'agosto del 1962
259,Esenzione da imposte di bollo e di registro per gli atti costitutivi e connessi allo svolgimento delle attività di volontariato nonché per le donazioni disposte in loro favore
260,Esenzione dall'IRPEF delle pensioni e delle indennità corrisposte alle vittime del terrorismo e delle stragi di tale matrice
261,"Sui lavori socialmente utili svolti da soggetti che hanno raggiunto l'età per la pensione di vecchiaia e che hanno un reddito complessivo non superiore a € 9296,22 al netto del reddito derivante dall'abitazione principale, si applica, sulla parte dei lavori socialmente utili che eccede € 3098,74, l'aliquota del 23%, maggiorata delle addizionali vigenti"
262,"Le rendite corrisposte in Italia da parte della assicurazione invalidità, vecchiaia e superstiti Svizzera (AVS), maturata sulla base anche di contributi previdenziali tassati alla fonte in Svizzera, sono assoggettate a ritenuta unica del 5 per cento da parte degli istituti italiani, quali sostituti d'imposta, per il cui tramite l'AVS Svizzera le eroga ai beneficiari in Italia"
263,"Impiegati dello Stato. Contratti relativi alle assicurazioni integrative degli impiegati civili e militari dello Stato di cui alla legge 7 aprile 1930, n. 456"
264,Deduzione dei contributi previdenziali versati per gli addetti ai servizi domestici e all'assistenza personale e familiare
265,Deduzione a favore dell'interessato ovvero detrazione a favore dei soggetti di cui l'interessato risulta essere a carico dei contributi versati per il riscatto del periodo di corso di laurea
266,Erogazione di un credito ai titolari di redditi di lavoro dipendente e di taluni assimilati di importo non superiore a 26.000 euro (Bonus 80 euro).
267,"Detassazione premi di produttività. Applicazione di una imposta sostitutiva del 10 per cento sulle somme, fino ad un massimo di 2000/2500 euro, corrisposte ai lavoratori dipendenti del settore privato con limite reddituale di accesso al beneficio di 50.000 euro."
268,"Esenzione dall'IRPEF: (comma 1) delle pensioni di guerra di ogni tipo, delle relative indennità accessorie, degli assegni connessi alle pensioni privilegiate ordinarie, delle pensioni connesse alle decorazioni dell'ordine militare d'Italia, nonché delle pensioni privilegiate ordinarie corrisposte ai militari di leva e delle pensioni tabellari spettanti per menomazioni subite durante il servizio di leva obbligatorio; (comma 2) della pensione reversibile, della tredicesima mensilità e delle indennità di accompagnamento, percepite dai ciechi civili ai sensi della legge 27 maggio 1970, n. 382; (comma 3) dei sussidi corrisposti dallo Stato e da altri enti pubblici a titolo assistenziale."
269,"Esclusione dalla tassazione dei redditi di importo fino a 7,500 euro - frontalieri"
270,La remunerazione che un lavoratore frontaliero (residente entro 20 KM dal confine svizzero) riceve in corrispettivo di una attività dipendente sono imponibili soltanto nello Stato in cui tale attività è svolta
271,"Esenzione dall'IRPEF delle retribuzioni di qualsiasi natura, le pensioni e le indennità di fine rapporto corrisposte dalla Santa Sede e dagli enti dalla stessa gestiti ai propri dipendenti"
272,"Tassazione agevolata delle indennità di trasferta, dei rimborsi forfetari di spesa, dei premi e dei compensi erogati ai direttori artistici e ai collaboratori tecnici per prestazioni di natura non professionale da parte di cori, bande e filodrammatiche che perseguono finalità dilettantistiche, e quelli erogati nell'esercizio diretto di attività sportive dilettantistiche dal CONI, dalle federazioni sportive nazionali, dall'UNIRE, dagli enti di promozione sportiva e da qualunque organismo comunque denominato che persegua finalità sportive dilettantistiche"
273,"Deduzione delle somme corrisposte ai dipendenti, chiamati ad adempiere funzioni presso gli uffici elettorali"
274,"Assoggettamento a tassazione separata dei redditi compresi nelle somme attribuite o nel valore normale dei beni assegnati ai soci delle società indicate nell'art. 5 nei casi di recesso, esclusione e riduzione del capitale o agli eredi in caso di morte del socio, e redditi imputati ai soci in dipendenza di liquidazione, anche concorsuale, delle società stesse, se il periodo di tempo intercorso tra la costituzione della società e la comunicazione del recesso o dell'esclusione, la deliberazione di riduzione del capitale, la morte del socio o l'inizio della liquidazione è superiore a cinque anni"
275,"Assoggettamento a tassazione separata delle indennità spettanti a titolo di risarcimento, anche in forma assicurativa, dei danni consistenti nella perdita di redditi relativi a più anni"
276,"Assoggettamento a tassazione separata dei redditi compresi nelle somme o nel valore normale dei beni attribuiti alla scadenza dei contratti e dei titoli di cui alle lettere a), b), f) e g) del comma 1 dell'art. 44, quando non sono soggetti a ritenuta alla fonte a titolo di imposta o ad imposta sostitutiva, se il periodo di durata del contratto o del titolo è superiore a cinque anni"
277,"Assoggettamento a tassazione separata dei corrispettivi di cui all'art. 54, comma 1- quater, se percepiti in unica soluzione"
278,Assoggettamento a tassazione separata degli arretrati di lavoro dipendente
279,"Assoggettamento a tassazione separata delle indennità di mobilità e del trattamento di integrazione salariale, corrisposti anticipatamente"
280,"Assoggettamento a tassazione separata delle somme conseguite a titolo di rimborso di imposte o di oneri dedotti dal reddito complessivo o per i quali si è fruito della detrazione in periodi di imposta precedenti. La presente disposizione non si applica alle spese rimborsate di cui all'art. 15, comma 1, lett. c), quinto e sesto periodo"
281,"Non concorrono a formare il reddito le somministrazioni di vitto da parte del datore di lavoro, quelle in mense organizzate direttamente dal datore di lavoro o gestite da terzi nonché le prestazioni e le indennità sostitutive, nelle ipotesi previste dalle norme, nel limite di € 5,29, aumentato a 7 € nel caso in cui le stesse siano rese in forma elettronica"
282,Non concorrono a formare il reddito le prestazioni di servizi di trasporto collettivo rese alla generalità o a categorie di dipendenti; anche se affidate a terzi ivi compresi gli esercenti servizi pubblici.
283,"Non concorrono a formare il reddito i compensi reversibili delle indennità e ai compensi percepiti a carico di terzi dai prestatori di lavoro dipendente per incarichi svolti in relazione a tale qualità, nonché delle indennità, i gettoni di presenza e gli altri compensi corrisposti dallo Stato, dalle regioni, dalle province e dai comuni per l'esercizio di pubbliche funzioni."
284,"Non concorrono a formare il reddito l'utilizzazione delle opere e dei servizi riconosciuti dal datore di lavoro volontariamente o in conformità di disposizioni di contratto, accordo o regolamento aziendale, offerti alla generalità dei dipendenti, categorie di dipendenti o familiari di cui all'art. 12 del TUIR per le finalità di cui al comma 1 dell'art. 100 del citato TUIR."
285,"Non concorrono a formare il reddito le somme, i servizi e le prestazioni erogati dal datore di lavoro alla generalità dei dipendenti o a categorie di dipendenti per la fruizione, da parte dei familiari indicati nell'articolo 12, dei servizi di educazione e istruzione anche in età prescolare, compresi i servizi integrativi e di mensa ad essi connessi, nonché per la frequenza di ludoteche e di centri estivi e invernali e per borse di studio a favore dei medesimi familiari"
286,Non concorrono a formare il reddito le somme e le prestazioni erogate dal datore di lavoro alla generalità dei dipendenti o a categorie di dipendenti per la fruizione dei servizi di assistenza ai familiari anziani o non autosufficienti indicati nell'articolo 12
287,"Non concorrono a formare il reddito il valore delle azioni offerte alla generalità dei dipendenti per un importo annuo non superiore a € 2065,83"
288,"Non concorrono a formare il reddito le somme trattenute al dipendente per oneri di cui all'art. 10 alle condizioni ivi previste, nonché le erogazioni effettuate dal datore di lavoro in conformità a contratti collettivi o ad accordi e regolamenti aziendali"
289,Non concorrono a formare il reddito le mance percepite dai croupiers nella misura del 25% dell'ammontare percepito nell'anno
290,"Non concorrono a formare il reddito il valore dei beni ceduti e dei servizi prestati se complessivamente di importo non superiore nell'anno a € 258,23"
291,"Ai fini della determinazione del fringe benefit per gli autoveicoli, i motocicli e i ciclomotori concessi in uso promiscuo si assume il 30% dell'importo corrispondente a una percorrenza convenzionale di 15.000 km calcolato sulla base del costo chilometrico di esercizio desumibile dalle tabelle ACI elaborate ciascun anno"
292,"Ai fini della determinazione del fringe benefit, in caso di concessione di prestiti, si assume il 50% della differenza tra l'importo degli interessi calcolato al tasso ufficiale di sconto vigente al termine di ciascun anno e l'importo degli interessi calcolato al tasso applicato sugli stesssi"
293,"Ai fini della determinazione del fringe benefit, per i fabbricati concessi in locazione, in uso o in comodato, si assume la differrenza tra la rendita catastale del fabbricato aumentata di tutte le spese inerenti e quanto corrisposto per il godimento del fabbricato stesso"
294,"Ai fini della determinazione del fringe benefit, per i servizi di trasporto ferroviario di persone prestati gratuitamente, si assume, al netto degli importi trattenuti, l'ammontare corrispondente all'introito medio per passeggero/chilometro, per una percorrenza media convenzionale di 2.600 km"
295,"Le indennità percepite per le trasferte o le missioni fuori del territorio comunale concorrono a formare il reddito per la parte che eccede € 46,48 al giorno, elevati a € 77,47 per le trasferte all'estero"
296,Le indennità e le maggiorazioni di retribuzione spettanti ai trasfertisti concorrono a formare il reddito nella misura del 50%
297,"Le indennità di trasferimento, quelle di prima sistemazioni e quelle equipollenti non concorrono a formare il reddito nella misura del 50% per un importo complessivo annuo non superiore a € 1549,37 per i trasferimenti all'interno del territorio nazionale ed € 4648,11 per quelli fuori del territorio nazionale o in destinazione a quest'ultimo"
298,Gli assegni di sede e le altre indennità percepite per servizi prestati all'estero costituiscono reddito nella misura del 50%
299,"Il reddito di lavoro dipendente, prestato all'estero in via continuativa e come oggetto esclusivo del rapporto da dipendenti che nell'arco di dodici mesi soggiornano nello Stato estero per un periodo superiore a 183 giorni, è determinato sulla base di retribuzioni convenzionali"
300,I compensi percepiti per attività libero professionale intramuraria costituiscono reddito nella misura del 75%
301,"Non concorrono a formare il reddito le somme erogate ai titolari di cariche elettive, nonché a colore che esercitano le funzioni di cui agli artt. 114 e 135 della Costituzione, a titolo di rimborso di spese"
302,Esenzione dall'IRPEF dei redditi derivanti dall'esercizio della funzione di ambasciatori e agenti diplomatici degli Stati esteri accreditati in Italia
303,Gli onorari corrisposti ai membri dei seggi elettorali costituiscono rimborso spese fisso forfetario non assoggettabile a ritenute o imposte e non concorrono alla formazione della base imponibile ai fini fiscali
304,Esenzione dei compensi per lavoro accessorio reso in tutti i settori produttivi
305,Riconoscimento di tutte le agevolazioni fiscali previste per i residenti in Italia ai soggetti non residenti che producono in Italia almeno il 75% del loro reddito complessivo e che non godono di analoghe agevolazioni nel Paese di residenza. Procedura di infrazione n. 2013/2027
306,"Non assoggettamento ad IVA delle somministrazioni nelle mense aziendali, delle prestazioni di trasporto, didattiche, educative e ricreative, di assistenza sociale e sanitaria, a favore del personale dipendente"
307,Detrazione sulle indennità di fine rapporto di importo minimo
308,"Clausola di salvaguardia per le indennità di fine rapporto di cui all'art. 17, comma 1, lett. a), del TUIR"
309,Assoggettamento a tassazione separata delle indennità per la cessazione di rapporti di agenzia delle persone fisiche e delle società di persone
310,Assoggettamento a tassazione separata delle indennità percepite per la cessazione da funzioni notarili
311,"Assoggettamento a tassazione separata delle indennità percepite da sportivi professionisti al termine dell'attività sportiva, se non rientranti tra le indennità indicate all'art. 17, comma 1, lett. a)"
312,"Assoggettamento a tassazione separata del TFR , delle indennità equipollenti e delle altre indennità e somme"
313,Assoggettamento a tassazione separata delle indennità percepite per la cessazione dei rapporti di collaborazione coordinata e continuativa
314,Applicazione dell'imposta sostitutiva del 17% sulle rivalutazioni del TFR maturate dal 2001
315,Tassazione dei titoli per il finanziamento di iniziative economiche nel Mezzogiorno emessi da banche con scadenza non inferiore a 18 mesi
316,"Estensione della non soggezione ad Ires prevista dall'articolo 74, comma 1 del TUIR per gli organi e le amministrazioni dello Stato e gli altri enti territoriali, alle comunità costituite nella provincia autonoma di Trento ai sensi della legge provinciale 16 giugno 2006, n. 3."
317,"Gasolio e GPL impiegati per riscaldamento in aree geograficamente o climaticamente svantaggiate (zone montane, Sardegna, isole minori) - Riduzione di prezzo"
318,Disciplina sulle zone franche urbane (ZFU). La disciplina si applica 9 anni dalla costituzione tra gli anni 2008-2012. Il regime è stato autorizzato dalla CE nell'ottobre 2009
319,ZFU per il sisma L’Aquila. agevolazione concessa nel de minimis.
320,"ZFU Obiettivo Convergenza, Sulcis e Pelagie. agevolazione concessa nel de minimis."
321,Credito d'imposta per nuovi investimenti SUD
322,"Non commercialità delle attività svolte dagli enti associativi - con varie limitazioni sia soggettive che oggettive - in favore degli associati o partecipanti, in conformità alle finalità istituzionali."
323,Per le ONLUS non costituisce esercizio di attività commerciali lo svolgimento delle attività istituzionali nel perseguimento di esclusive finalità di solidarietà sociale. I proventi derivanti dall'esercizio delle attività direttamente connesse non concorrono alla formazione del reddito imponibile.
324,"Rinvio all'art 15, c. 1, lett. a), lett. g), lett. h), lett. h-bis, lett. i), lett. i-bis, lett. i-quater e lett. i-octies del Tuir"
325,"La norma prevede, per gli enti non commerciali ammessi al regime di contabilità semplificata, la possibilità di optare per la determinazione forfetaria del reddito d'impresa, applicando all'ammontare dei ricavi conseguiti un coefficiente di redditività corrispondente ad una classe determinata in base all'ammontare dei ricavi stessi, ed incrementando l'importo così determinato dei componenti di reddito di cui agli artt. 86, 88, 89 e 90 del TUIR."
326,"Deduzione dal reddito complessivo degli enti non commerciali dei canoni, livelli, censi, ed altri oneri gravanti sui redditi degli immobili che concorrono a formare il reddito complessivo, delle somme corrisposte ai chiamati ad adempiere funzioni presso uffici elettorali e dei contributi, donazioni e oblazioni a favore di organizzazioni non governative fino al 2% del reddito complessivo dichiarato."
327,Il reddito derivante dall'esercizio di attività commerciali svolte in occasione di manifestazioni propagandistiche da partiti politici rappresentati nelle assemblee nazionali o regionali è esente da IRES.
328,"Non assoggettamento ad IRES degli organi e delle amministrazioni dello Stato, dei comuni, dei consorzi tra enti locali, delle associazioni e degli enti gestori di demanio collettivo, delle comunità montane, delle province e delle regioni"
329,"Non commercialità dell’esercizio di funzioni statali svolte da enti pubblici e delle attività previdenziali, assistenziali e sanitarie svolte da enti pubblici istituiti esclusivamente a tal fine, comprese le ASL, nonché delle attivita' previdenziali e assistenziali svolte da enti privati di previdenza obbligatoria."
330,"Esclusioni dalla base imponibile degli enti non commerciali dei seguenti proventi: a) fondi pervenuti a seguito di raccolte pubbliche effettuate occasionalmente, in concomitanza di celebrazioni, ricorrenze, campagne di sensibilizzazione; b) contributi corrisposti da amministrazioni pubbliche per lo svolgimento di attività in regime di convenzione o accreditamento, aventi finalità sociali esercitate in conformità alle finalità istituzionali."
331,"Esenzione per i fabbricati di proprietà della Santa Sede indicati negli artt. 13, 14, 15 e 16 del Trattato lateranense"
332,Incentivo fiscale alla degiurisdizionalizzazione (negoziazione e arbitrato) nella forma del credito d'imposta
333,Regime speciale per i tabacchi lavorati
334,Regime speciale per i fiammiferi
335,Regime speciale per il settore editoriale
336,Regime speciale per le schede telefoniche
337,Regime speciale per le agenzie di viaggio
338,Regime speciale per le attività spettacolistiche
339,Regime speciale per le vendite all'asta
340,"Regime del margine per i beni usati, oggetti d'arte, d'antiquario e da collezione"
341,Regime del margine per le auto usate
342,"Non assoggettamento ad IVA delle cessioni gratuite di beni di valore inferiore ad euro 25,82"
343,Non assoggettamento ad IVA dei contributi a fondo perduto
344,Non assoggettamento ad IVA delle cessioni di beni relativi alle operazioni e concorsi a premi
345,"Non assoggettamento ad IVA delle prestazioni gratuite di servizi di valore inferiore ad euro 25,82"
346,"Non assoggettamento ad IVA delle operazioni di diffusione di messaggi, rappresentazioni, immagini o comunicazioni di pubblico interesse richieste o patrocinate dallo Stato o da enti pubblici"
347,Non assoggettamento ad IVA delle prestazioni relative agli spettacoli rese ai possessori di titoli per l'accesso gratuito rilasciati dagli organizzatori nel limite massimo del 5 per cento di capienza del locale o da determinati enti nel limite stabilito con provvedimento del Direttore dell'Agenzia delle entrate
348,"Non assoggettamento ad IVA delle cessioni di beni e prestazioni di servizi ai soci, associati o partecipanti effettuate in conformita' alle finalita' istituzionali da associazioni politiche, sindacali e di categoria, religiose, assistenziali, culturali sportive dilettantistiche, di promozione sociale e di formazione extra-scolastica della persona in presenza di determinate condizioni"
349,Non assoggettamento ad IVA delle mense e spacci militari
350,"Non assoggettamento ad IVA dei servizi di controllo qualititativo dei prodotti, compresa l'applicazione di marchi di qualità"
351,Non assoggettamento ad IVA delle cessioni di beni e prestazioni di servizi effettuate in occasione di manifestazioni propagandistiche dai partiti politici
352,"Non assoggettamento ad IVA delle cessioni di beni e prestazioni di servizi poste in essere dalla Presidenza della Repubblica, dal Senato della Repubblica, dalla Camera dei deputati e dalla Corte Costituzionale, nel perseguimento delle proprie finalita' istituzionali"
353,Non assoggettamento ad IVA delle prestazioni sanitarie soggette al pagamento di quote di partecipazione alla spesa sanitaria erogate dalle unita' sanitarie locali e dalle aziende ospedaliere del Servizio sanitario nazionale
354,"Non assoggettamento ad IVA della somministrazione di alimenti e bevande effettuata, presso le sedi delle associazioni di promozione sociale, da bar ed esercizi similari"
355,Non assoggettamento ad IVA delle prestazioni di servizi derivanti dall'attivita' di levata dei protesti esercitata dai segretari comunali
356,Non assoggettamento ad IVA delle prestazioni di vigilanza e custodia rese da guardie giurate
357,Cessioni di beni effettuate nei confronti di esportatori abituali nei limiti del plafond maturato
358,Cessioni di navi destinate alla demolizione
359,Cessioni di navi e di aeromobili ad organi dello Stato
360,"Servizi prestati nei porti, aeroporti e simili nonché quelli resi dagli agenti marittimi raccomandatari"
361,Manipolazioni usuali eseguite nei depositi doganali
362,Esenzione per le operazioni relative alla riscossione dei tributi
363,"Esenzione per le cessioni gratuite di beni fatte ad enti pubblici, associazioni riconosciute o fondazioni aventi esclusivamente finalita' di assistenza, beneficenza, educazione, istruzione, studio o ricerca scientifica e alle ONLUS"
364,Esenzione per le cessioni gratuite di beni fatte a favore delle popolazioni colpite da calamita' naturali
365,Esenzione delle prestazioni dei servizi di pompe funebri
366,Esenzione delle prestazioni delle compagnie barracellari
367,"Versamenti trimestrali senza pagamento di interessi per alcune categorie di contribuenti autorizzati con D.M. (somministrazione di gas, acqua ed energia elettrica)"
368,Versamenti trimestrali senza pagamento di interessi per gli esercenti impianti distribuzione carburante per uso autotrazione
369,Versamenti trimestrali senza pagamento di interessi per gli autotrasportatori cose conto terzi
370,Versamenti differiti di un trimestre per gli autotrasportatori cose conto terzi
371,Versamenti trimestrali senza pagamento di interessi per i subfornitori
372,"Regime speciale per gli intrattenimenti, i giochi e le altre attività di cui alla tariffa allegata al d.P.R. n. 640/72"
373,"Regime speciale per gli intrattenimenti, esteso alle società sportive dilettantistiche che optano per il regime di favore di cui alla legge n. 398/1991"
374,"""Vecchio"" regime dei contribuenti minimi. Per i soggetti rispondenti ai requisiti previsti dalla norma, è prevista l'applicazione di un'imposta sostitutiva dell'imposta sui redditi e delle addizionali regionali e comunali pari al 5%. I contribuenti sono esenti da Irap, non addebitano l'IVA sulle vendite e non hanno diritto alla detrazione per l'IVA sugli acquisti. E' possibile optare per l'applicazione dell'IVA e dell'IRPEF nei modi ordinari. Si applica, per il periodo d'imposta in cui l'attività è iniziata e per i quattro successivi. Il regime è applicabile anche oltre il quarto periodo di imposta successivo, fino al compimento del trentacinquesimo anno di età."
375,"""Nuovo"" regime forfettario agli effetti dell’Iva, dell’Irpef e dell’Irap di determinazione del reddito da assoggettare ad un’unica imposta sostituiva di quelle dovute, con l’aliquota del 15% per le persone fisiche con un limite di ricavi annui diversificati per settore ."
376,Regime di detrazione forfettizzata per le attività di agriturismo
377,"Regime dell'IVA di cassa in base al quale il versamento dell'IVA è differito al momento della riscossione dei corrispettivi, ma comunque non oltre un anno"
378,Esclusione da IVA (assimilaz. A conferimento di ramo d'azienda) degli apporti a fondi immobiliari chiusi di pluralità di immobili prevalentemente locati
379,Esclusione da IVA (assimilaz. a conferimento di ramo d'azienda) degli apporti a SIIQ e SIINQ di pluralità di immobili prevalentemente locati
380,"possibilità, per i fornitori di soggetti sottoposti a procedure concorsuali, di recuperare l'IVA al momento dell'apertura della procedura e non all'atto della chiusura, come previsto dalla normativa previgente"
381,"Per le operazioni concernenti il settore del credito è prevista l'applicazione dell'imposta sostitutiva in luogo delle imposte di registro, di bollo, ipotecaria e catastale e tassa sulle concessioni governative"
382,Riduz. imposta di registro all'1% per trasferim. abitazioni esenti da IVA nei confronti di società immobiliari
383,Imposta di registro in misura ridotta del 4% per atti di conferimento di fabbricati a destinazione commerciale e di aree su cui costruire detti fabbricati
384,Imposte di registro e ipocatastali in misura fissa su riscatto dell'immobile concesso in leasing
385,"Esenzione da imposta di registro e formalità di registrazione contratti di assicurazione e riassicurazione, ricevute e quietanze"
386,"Trasferimenti a favore dello Stato, regioni , province , comuni, enti pubblici, alcuni associazioni e fondazioni, ONLUS, movimenti e partiti politici nonché a condizione di reciprocità enti pubblici, fondazioni ed associazioni esteri"
387,"Formalità di trascrizione, iscrizione, rinnovazione, annotazione e volture eseguite nell'interesse dello Stato, ovvero relative ai trasferimenti a favore di regioni , province , comuni, enti pubblici, alcuni associazioni e fondazioni, ONLUS, movimenti e partiti politici nonché a condizione di reciprocità enti pubblici, fondazioni ed associazioni esteri"
388,"Esenzione dalle tasse sulle concessioni governative le licenze rilasciate a dipendenti civili dello Stato, a norma dell’articolo 74 del regolamento di pubblica sicurezza nonché alle persone comprese nelle categorie, individuate a norma dell’art. 7, comma"
389,Imposta in misura fissa per la registrazione volontaria atti non assoggettati all'obbligo della registrazione indicati nella Tabella per i quali la predetta registrazione viene volontariamente richiesta
390,Esenzione delle liberalità indirette risultanti da atti di trasferimento soggetti a registrazione
391,"Riduzione di imposta per: successioni apertesi entro 5 anni da altre successioni; beni immobili culturali non sottoposti a vincolo anteriormente all'apertura della successione; fondi rustici devoluti al coniuge e parenti prossimi di valore non superiore a lire 200 milioni; immobili o parti di immobili adibiti all'esercizio dell'impresa e devoluti al coniuge e/o parenti prossimi; aziende, quote di società di persone o beni strumentali ubicate in comuni montani e trasferiti al coniuge e/o parenti prossimi."
392,Applicazione imposte ipotecaria e catastale in misura fissa per gli atti di fusione o di scissione di società di qualunque tipo e di atti di conferimento di aziende o di complessi aziendli relativi a singoli rami di impresa.
393,Applicazione imposte ipotecaria e catastale in misura fissa per gli atti di regolarizzazione di società di fatto derivanti da comunione ereditaria di azienda registrati entro un anno dall'apertura della successione
394,"Esenzione dall’imposta di bollo 1. Gli atti e provvedimenti del processo penale; 2. Gli atti e provvedimenti del processo civile, e tributario, compresa la procedura concorsuale e di volontaria giurisdizione, e del processo amministrativo, nonché delle pubblico impiego soggetti al contributo unificato; 3. Le copie autentiche, comprese quelle esecutive, degli atti e dei provvedimenti, purchè richieste dalle parti processuali."
395,Esenzione da imposta di Bollo e ogni altra spesa tassa o diritto per documenti e provvedimenti relativi al procedimento di mediazione
396,"Esenzione dall'imposta di registro per il verbale del procedimento di mediazione entro il limite di valore di 50.000 euro, l'imposta è dovuta per la parte eccedente"
397,"Estratti conto comunicazione relativi al deposito titoli, comunicazioni da banca a cliente sui cc postali e bancari"
398,La tabella Individua gli atti esenti dall'imposta
399,Esenti dall'imposta di bollo i ceritficati rilasciati da organi dell'autorità giudiziaria relativi alla materia penale
400,"Esenti dall'imposta di bollo le dichiarazioni sostitutive comprovanti stati, qualità personali e fatti"
401,Esente da imposta di bollo l'autenticazione di fotografie per documenti personali
402,"Misura fissa delle imposte di registro , ipotecaria e catastale per gli atti di liquidazione del patrimonio immobilare ( fondi immobiliari)"
403,Misure sui trasferimenti del personale diplomatico e consolare
404,Misure soggette a specifiche condizioni
405,"Gratuità delle trascrizioni, iscrizioni , cancellazione dei pignoramenti mobiliari ed immobiliari richieste dal concessionario della riscossione"
406,"Ai traferimenti di beni mobili non registrati la cui vendita è curata dai concessionari , l'imposta di rgistro si applica in misura fissa di dieci euro"
407,"Esenzione da bolli, imposte e spese per le procedure di recupero crediti professionali del difensore d'ufficio"
408,"Esenzione da tasse di bollo, di registro e altre imposte per i provvedimenti di restituzione delle terre a comuni, liquidazione di usi civici, legittimazioni, assegnazioni e atti dei procedimenti di cui alla legge 1766 del 1927"
409,Esenzione da tributi per il procedimento semplificato di cancellazione dell'ipoteca
410,Esenzione dalle imposta sostitutiva di cui all'art. 17 del D.P.R. n. 601 del 1973 ed esenzione dalle imposte di cui all'art. 15 del medesimo D.P.R. per le operazioni di portabilità del mutuo
411,"Misure concernenti le cessioni di beni relativi ad attività produttive dismesse, effettuate gratuitamente nei confroni di enti locali territoriali, enti pubblici, ASI e altri, nonchè successive cessioni gratuite"
412,Esenzione per la registrazione e la trascrizione dei provvedimenti comunali di accorpamento al demanio stradale delle porzioni di terreno utilizzate ad uso pubblico disposto in sede di revisione catastale
413,"Esenzione dalle imposte e tributi per i trasferimenti effettuati dai Comuni, dalle Province e da consorzi fra tali enti a favore di Aziende speciali o società a capitale interamente pubblico di cui al comma 13 dell'art. 113"
414,"Esenzione da imposte e tributi per le cessioni a favore di Infrastrutture spa, operazioni di finanziamento, provvedimenti, contratti, trasferimenti e formalità, ivi comprese le garanzie prestate, surroghe, sostituzioni, postergazioni, frazionamenti e cancellazioni"
415,"Esenzione da imposte e tributi per le operazioni di cartolarizzazione del patrimonio immobiliare pubblico, tutti gli atti, contratti e trasferimenti posti in essere per il relativo perfezionamento, nonché formalità connesse"
416,"Esenzione da imposte e tributi per gli atti, contratti, trasferimenti, prestazioni, e formalità relative a oerazioni di raccolta e impiego effettuate dalla gestione separata della CDP spa, ivi comprese le garanzie prestate"
417,Esenzione da imposte e da tributi per i trasferimenti di immobili dei Comuni a fondazioni o società di cartolarizzazione o ad associazioni per la valorizzazione del patrimonio immobiliare
418,"Esenzione da diritti e compensi di cui alla legge 17.07.1951, n. 575 per servizi catastali richiesti/erogati nei confronti di Regioni, Province, Comuni, Enti di beneficienza"
419,Esenzione da diritti catastali per atti e documenti relativi alla procedura di espropriazione per causa di pubblica utilità promossa dalle amministrazioni dello Stato e da enti pubblici
420,"Rilascio in carta libera e senza applicazione di tassa o diritti sulle copie, sui certificati, sugli estratti a favore di varie categorie di soggetti"
421,Rilascio gratuito delle visure ipotecarie ai concessionari e loro incaricati
422,Esenzione dalle tasse ipotecarie per le operazioni nell'interesse dello Stato
423,Esenzione da spese e diritti per le richieste dati e notizie ed elementi rilevanti agli uffici pubblici competenti ai fini dell'accertamento e liquidazione dell'ICI
424,"Misure a favore di società cooperative edilizie di abitazione e loro consorzi - Atti costitutivi e modificativi; atti, documenti registi relativi alle operazioni previste dagli statuti"
425,Rilascio gratuito visure ed estrazione copie richieste dagli agenti della riscossione di dati atti riguardanti beni dei debitori iscritti a ruolo e i coobbligati
426,"Imposta di registro in misura fissa in caso di registrazione per gli atti costitutivi dei fondi , il rimborso delle quote ed altre operazioni ."
427,"Imposte di registro, ipotecaria e catastale in misura fissa per gli apporti ai fondi immobiliari chiusi disciplinati dall'artixcolo 37 del Dlgs n. 58 del 1998 e dall'articolo 14 bis della legge n. 86 del 1994."
428,"Esenzione da imposte di bollo , di registro, e dalle concessioni governative per gli atti costitutivi e modificativi e per gli atti di ammissione e recesso soci , di nomina e accettazione delle cariche sociali e per gli atti di variazione del capitale sociale che non abbiano obbligo di registrazione . ART. 7: esenzione dall'imposta per le successioni o donazioni a favore delle cooperative sociali e riduzione ad un quarto delle imposte ipotecarie e catastali dovute a seguito della stipula dei contratti di mutuo, di acquisto o di locazione relativi ad immobili destinati all'esercizio dell'attività sociale (ONLUS)"
429,Esenzione da imposta di bollo e dalla tassa sulle concessioni governative ( ONLUS)
430,"esenzione dalle imposte di registro, ipotecaria e catastale e bollo su atti e provvedimenti in esecuzione dei piani di ricomposizione e riordino fondiario promossi da regioni, province, comuni e comunità montane"
431,Imposta di registro in misura fissa ed esenzione dalle imposte ipotecaria e catastale per gli atti di trasferimento della proprietà delle aree da parte degli enti locali
432,"Riduzione aliquota allo 0,05 per cento (dal 7,5 per cento) per le navi immatricolate in Italia"
433,"Detrazione, nella misura del 19 %, dei canoni e degli oneri accessori relativi a contratti di locazione finanziaria di unità immobiliari da adibire ad abitazione principale, per un importo non superiore a 8.000 euro annui; detrazione, nella misura del 19%, del costo di riscatto a fronte dell’esercizio dell’opzione finale, per un importo non superiore a 20.000 euro. Tali detrazioni spettano a giovani di età non superiore a 35 anni con reddito complessivo non superiore a 55,000 €. Gli importi sui quali sono calcolate le detrazioni sono dimezzati con riferimento ai giovani di età superiore a 35 anni."
434,Detrazione per l'iscrizione annuale/abbonamento per i ragazzi di età compresa tra i 5 e i 18 anni ad associazioni sportive palestre piscine etc individuate con apposito decreto
435,Detrazione per erogazioni liberali in denaro a favore delle società ed associazioni sportive dilettantistiche
436,Possibilità di optare per un regime fiscale agevolato per le associazioni sportive non aventi scopo di lucro
437,Estensione delle disposizioni tributarie riguardanti le associazioni sportive dilettantistiche anche alle società sportive dilettantistiche costituite in società di capitali senza fine di lucro
438,La norma estende alle associazioni senza scopo di lucro ed alle pro-loco le disposizioni a favore delle associazioni sportive dilettantistiche di cui alla L. n. 398/1991.
439,"Non concorrono a formare il reddito imponibile, per un numero di eventi complessivamente non superiore a 2 per anno e per un importo non superiore al limite annuo fissato con DM: a) i proventi realizzati nello svolgimento di attività commerciali connesse agli scopi istituzionali; b) i proventi realizzati tramite raccolta pubblica di fondi, in conformità all’art. 143, c. 3, lett. a)"
440,"La pubblicità realizzata negli impianti utilizzati per manifestazioni sportive dilettantistiche con capienza inferiore ai 3.000 posti si considera occasionale, ai fini dell’imposta sugli spettacoli, sugli intrattenimenti (art. 7-octies, DL 7/2005) e dell’imposta sulla pubblicità (art.1, c. 128, L. 266/2005)"
441,"Ai dipendenti pubblici possono essere riconosciute esclusivamente le indennità e i rimborsi di cui all’art. 67, c. 1, lett. m) del Tuir"
442,"Estensione delle disposizioni tributarie riguardanti le associazioni sportive dilettantistiche (legge 16 dicembre 1991, n. 398) alle associazioni bandistiche e cori amatoriali, filodrammatiche, di musica e danza popolare"
443,Credito d'imposta per giovani calciatori
444,"Marina resort: le strutture organizzate per la sosta e il pernottamento di turisti all'interno delle proprie unità da diporto ormeggiate nello specchio acqueo appositamente attrezzato, secondo i requisiti stabiliti dal MIT, sentito il MIBACT, rientrano nelle strutture ricettive all'aria aperta"
445,ZFU per l’alluvione e sisma Emilia. agevolazione concessa nel de minimis.
446,ZFU per il sisma Lombardia. agevolazione concessa nel de minimis.
448,"Le società sia di capitali sia di persone, titolari di beni non utilizzati ai fini del ciclo economico (beni immobili non strumentali per destinazione e beni mobili registrati non utilizzati strumentalmente), possono - tramite assegnazione/cessione ai soci o anche attraverso la trasformazione in società semplice da effettuarsi entro il 30/9/16 - estromettere dal regime di impresa detti beni attraverso il pagamento di un’imposta sostitutiva delle imposte sui redditi e dell’Irap dell’8% ovvero del 10,5% per le società considerate non operative."
449,"L’imprenditore individuale entro il 31/5/16 può estromettere in regime agevolato tutti gli immobili strumentali (per destinazione e per natura), posseduti al 31.10.15 con effetto dal periodo di imposta in corso alla data dell’1/1/16. L’agevolazione richiede il pagamento di un’imposta sostitutiva dell’Irpef e dell’Irap dell’8%."
450,"Titolari di reddito d’impresa ed esercenti arti e professioni che effettuano investimenti in beni materiali strumentali nuovi dal 15/10/15 al 31/12/16, con esclusivo riferimento alla determinazione delle quote di ammortamento e dei canoni di locazione finanziaria, potranno maggiorare del 40% il costo di acquisizione, nonché i limiti rilevanti per la deduzione delle quote di ammortamento e dei canoni di locazione finanziaria dei beni di cui all’art. 164, co. 1, lettera b), del Tuir (superammortamento al 140%)"
451,Interventi per il sostegno del made in Italy - realizzazione e ampliamento di infrastrutture informatiche finalizzate al potenziamento del commercio elettronico
452,"Interventi per il sostegno del made in Italy - nuovi investimenti sostenuti per lo sviluppo di nuovi prodotti, pratiche, processi e tecnologie, nonché per la cooperazione di filiera"
453,"Detrazione, nella misura del 50%, per gli interventi di recupero del patrimonio edilizio esistente (manutenzione ordinaria su parti comuni di edifici residenziali, manutenzione strordinaria, restauro, risanamento conservativo ristrutturazione edilizia ed altri interventi previsti dall'art. 1 della L. n. 449 del 1997) o per l'acquisto di fabbricati a uso abitativo ristrutturati"
454,"Detrazione del 65% per interventi di cui all'articolo 16-bis, comma 1, lettera i), del TUIR realizzati su edifici ricadenti nelle zone sismiche ad alta pericolosità di cui all'ordinanza del Presidente del Consiglio dei Ministri n. 3274 del 20 marzo 2003, riferiti a costruzioni adibite ad abitazione principale o ad attività produttive"
455,"Detrazione, nella misura del 50 %, per l'acquisto di mobili e grandi elettrodomestici di classe non inferiore alla A+, nonché A per i forni, per le apparecchiature per le quali sia prevista l'etichetta energetica finalizzati all'arredo dell'immobile oggetto di ristrutturazione ex comma 1 dell'articolo 16 del D.L. 63/2013"
456,"Detrazione, nella misura del 50 %, per l'acquisto di mobili ad arredo dell'unità immobiliare acquistata e adibita ad abitazione principale. La detrazione spetta a giovani coppie costituenti un nucleo familiare composto da coniugi o da conviventi more uxorio che abbiano costituito nucleo da almeno tre anni, in cui almeno uno dei due componenti non abbia superato i trentacinque anni"
457,"Credito d'imposta per le spese sostenute ai fini dell'installazione di sistemi di videosorveglianza digitale o allarme nonché per quelle connesse ai contratti stipulati con istituti di vigilanza, dirette alla prevenzione di attività criminali"
458,"Detrazione, nella misura del 55% e 65%, delle spese sostenute dal 6 giugno 2013 per vari interventi di riqualificazione energetica degli edifici esistenti di qualsiasi categoria catastale, anche rurale, posseduti o detenuti. La medesima detrazione si applica anche alle spese per l'acquisto, l'installazione e la messa in opera di dispositivi multimediali per il controllo a distanza degli impianti di riscaldamento, produzione di acqua calda o di climatizzazione delle unità abitative (""ecobonus"")."
459,"Detrazione, nella misura del 50%, dell'Iva corrisposta in relazione all'acquisto di immobili abitativi di nuova costruzione realizzati in classe energetica A o B."
460,"Contributo straordinario di 960 euro a base annua, di natura non retributiva"
461,Rideterminazione dei valori dei terreni e delle partecipazioni non quotate posseduti alla data del 1° luglio 2016
462,"Detrazione della somma investita nel capitale sociale di una o più start-up innovative, direttamente o tramite OICR"
463,Disposizioni urgenti per riqualificare e migliorare le strutture ricettive turistico- alberghiere e favorire l'imprenditorialità nel settore turistico
464,Credito d'imposta per la diffusone della lettura
465,Credito di imposta per la promozione della musica di nuovi talenti
466,Credito d'imposta rottamazione autocaravan
467,Credito d'imposta bonifiche amianto
468,"Imposte di registro, ipotecaria e catastale in misura fissa sugli atti e provvedimenti recanti il tasferimento di immobili nell'ambito di una procedura giudiziaria di espropriazione o di una procedura di vendita Imposte di registro, ipotecaria e catastale in misura fissa sugli atti e provvedimenti recanti il tasferimento di immobili nell'ambito di una procedura giudiziaria di espropriazione o di una procedura di vendita"
