urn,data_pubblicazione
urn:nir:stato:decreto.del.presidente.della.repubblica:1972;633,1972-11-11
urn:nir:stato:decreto.del.presidente.della.repubblica:1972;641,1972-11-11
urn:nir:stato:decreto.del.presidente.della.repubblica:1972;642,1972-11-11
urn:nir:stato:decreto.del.presidente.della.repubblica:1973;601,1973-10-16
urn:nir:stato:decreto.del.presidente.della.repubblica:1973;602,1973-10-16
urn:nir:stato:decreto.del.presidente.della.repubblica:1986;131,1986-04-30
urn:nir:stato:decreto.del.presidente.della.repubblica:2000;445,2001-02-20
urn:nir:stato:decreto.del.presidente.della.repubblica:2002;115,2002-06-15
urn:nir:stato:decreto.legge:1982;953,1982-12-31
urn:nir:stato:decreto.legge:1990;90,1990-04-30
urn:nir:stato:decreto.legge:1991;417,1992-01-02
urn:nir:stato:decreto.legge:1993;331,1993-08-30
urn:nir:stato:decreto.legge:1994;330,1994-06-01
urn:nir:stato:decreto.legge:1995;41,1995-02-23
urn:nir:stato:decreto.legge:1996;669,1996-12-31
urn:nir:stato:decreto.legge:1997;457,1997-12-31
urn:nir:stato:decreto.legge:2002;63,2002-04-17
urn:nir:stato:decreto.legge:2003;269,2003-10-02
urn:nir:stato:decreto.legge:2005;35,2005-03-16
urn:nir:stato:decreto.legge:2006;223,2006-07-04
urn:nir:stato:decreto.legge:2008;185,2008-11-29
urn:nir:stato:decreto.legge:2009;194,2009-12-30
urn:nir:stato:decreto.legge:2010;78,2010-05-31
urn:nir:stato:decreto.legge:2011;201,2011-12-06
urn:nir:stato:decreto.legge:2011;70,2011-05-13
urn:nir:stato:decreto.legge:2012;179,2012-10-19
urn:nir:stato:decreto.legge:2012;63,2012-05-21
urn:nir:stato:decreto.legge:2012;83,2012-06-26
urn:nir:stato:decreto.legge:2013;145,2013-12-23
urn:nir:stato:decreto.legge:2013;149,2013-12-28
urn:nir:stato:decreto.legge:2013;63,2013-06-05
urn:nir:stato:decreto.legge:2013;91,2013-08-09
urn:nir:stato:decreto.legge:2014;133,2014-09-12
urn:nir:stato:decreto.legge:2014;47,2014-03-28
urn:nir:stato:decreto.legge:2014;83,2014-05-31
urn:nir:stato:decreto.legge:2014;91,2014-06-24
urn:nir:stato:decreto.legge:2015;3,2015-01-24
urn:nir:stato:decreto.legge:2015;83,2015-06-27
urn:nir:stato:decreto.legge:2016;18,2016-02-15
urn:nir:stato:decreto.legge:2016;189,2016-10-18
urn:nir:stato:decreto.legge:2016;193,2016-10-24
urn:nir:stato:decreto.legge:2017;148,2017-10-16
urn:nir:stato:decreto.legge:2017;50,2017-04-24
urn:nir:stato:decreto.legge:2017;8,2017-02-09
urn:nir:stato:decreto.legge:2017;91,2017-06-20
urn:nir:stato:decreto.legge:2017;99,2017-06-25
urn:nir:stato:decreto.legge:2018;109,2018-09-28
urn:nir:stato:decreto.legge:2018;119,2018-10-23
urn:nir:stato:decreto.legge:2019;123,2019-10-24
urn:nir:stato:decreto.legge:2019;124,2019-10-26
urn:nir:stato:decreto.legge:2019;162,2019-12-31
urn:nir:stato:decreto.legge:2019;32,2019-04-18
urn:nir:stato:decreto.legge:2019;34,2019-04-30
urn:nir:stato:decreto.legge:2020;104,2020-08-14
urn:nir:stato:decreto.legge:2020;137,2020-10-28
urn:nir:stato:decreto.legge:2020;16,2020-03-13
urn:nir:stato:decreto.legge:2020;18,2020-03-17
urn:nir:stato:decreto.legge:2020;23,2020-04-08
urn:nir:stato:decreto.legge:2020;3,2020-02-05
urn:nir:stato:decreto.legge:2020;34,2020-05-19
urn:nir:stato:decreto.legge:2021;73,2021-05-25
urn:nir:stato:decreto.legislativo:1990;346,1990-11-27
urn:nir:stato:decreto.legislativo:1990;347,1990-11-27
urn:nir:stato:decreto.legislativo:1996;367,1996-07-11
urn:nir:stato:decreto.legislativo:1997;184,1997-06-27
urn:nir:stato:decreto.legislativo:1997;460,1998-01-02
urn:nir:stato:decreto.legislativo:1999;60,1999-03-12
urn:nir:stato:decreto.legislativo:2000;47,2000-03-09
urn:nir:stato:decreto.legislativo:2004;28,2004-02-05
urn:nir:stato:decreto.legislativo:2005;252,2005-12-13
urn:nir:stato:decreto.legislativo:2007;26,2007-03-22
urn:nir:stato:decreto.legislativo:2010;28,2010-03-05
urn:nir:stato:decreto.legislativo:2015;147,2015-09-22
urn:nir:stato:decreto.legislativo:2015;148,2015-09-23
urn:nir:stato:decreto.legislativo:2015;81,2015-06-24
urn:nir:stato:decreto.legislativo:2017;112,2017-07-19
urn:nir:stato:decreto.legislativo:2017;117,2017-08-02
urn:nir:stato:decreto.legislativo:2017;95,2017-06-22
urn:nir:stato:decreto.legislativo:2018;95,2018-08-10
urn:nir:stato:legge:1954;604,1954-08-11
urn:nir:stato:legge:1961;1216,1961-12-02
urn:nir:stato:legge:1977;904,1977-12-17
urn:nir:stato:legge:1982;168,1982-04-23
urn:nir:stato:legge:1984;476,1984-08-21
urn:nir:stato:legge:1989;101,1989-03-23
urn:nir:stato:legge:1990;53,1990-03-22
urn:nir:stato:legge:1991;266,1991-08-22
urn:nir:stato:legge:1991;381,1991-12-03
urn:nir:stato:legge:1991;398,1991-12-17
urn:nir:stato:legge:1991;413,1991-12-31
urn:nir:stato:legge:1992;59,1992-02-07
urn:nir:stato:legge:1995;116,1995-04-22
urn:nir:stato:legge:1995;520,1995-12-07
urn:nir:stato:legge:1997;449,1997-12-30
urn:nir:stato:legge:1998;210,1998-07-06
urn:nir:stato:legge:1998;431,1998-12-15
urn:nir:stato:legge:1998;441,1998-12-22
urn:nir:stato:legge:1998;448,1998-12-29
urn:nir:stato:legge:1999;133,1999-05-17
urn:nir:stato:legge:1999;28,1999-02-22
urn:nir:stato:legge:1999;488,1999-12-27
urn:nir:stato:legge:2000;193,2000-07-13
urn:nir:stato:legge:2000;342,2000-11-25
urn:nir:stato:legge:2000;383,2000-12-27
urn:nir:stato:legge:2000;388,2000-12-29
urn:nir:stato:legge:2000;62,2000-03-21
urn:nir:stato:legge:2001;448,2001-12-29
urn:nir:stato:legge:2001;52,2001-03-15
urn:nir:stato:legge:2002;289,2002-12-31
urn:nir:stato:legge:2003;350,2003-12-27
urn:nir:stato:legge:2004;206,2004-08-11
urn:nir:stato:legge:2005;266,2005-12-29
urn:nir:stato:legge:2006;296,2006-12-27
urn:nir:stato:legge:2007;244,2007-12-28
urn:nir:stato:legge:2008;203,2008-12-30
urn:nir:stato:legge:2009;191,2009-12-30
urn:nir:stato:legge:2011;183,2011-11-14
urn:nir:stato:legge:2013;147,2013-12-27
urn:nir:stato:legge:2014;190,2014-12-29
urn:nir:stato:legge:2015;147,2015-09-22
urn:nir:stato:legge:2015;208,2015-12-30
urn:nir:stato:legge:2015;221,2016-01-18
urn:nir:stato:legge:2016;112,2016-06-24
urn:nir:stato:legge:2016;220,2016-11-26
urn:nir:stato:legge:2016;232,2016-12-21
urn:nir:stato:legge:2017;205,2017-12-29
urn:nir:stato:legge:2018;145,2018-12-31
urn:nir:stato:legge:2019;160,2019-12-30
urn:nir:stato:legge:2020;104,2020-08-14
urn:nir:stato:legge:2020;178,2020-12-30
